{
"type": "FeatureCollection",
"name": "hotosm_isr_waterways_points_geojson",
"features": [
{ "type": "Feature", "properties": { "name": "מפל ממשית", "name:en": "Mamshit Waterfall", "waterway": "waterfall", "covered": null, "width": null, "depth": null, "layer": null, "blockage": null, "tunnel": null, "natural": null, "water": null, "source": null, "name:he": "מפל ממשית", "osm_id": 2664371197, "osm_type": "nodes" }, "geometry": { "type": "Point", "coordinates": [ 35.0598227, 30.9378534 ] } },
{ "type": "Feature", "properties": { "name": "מפל חתירה", "name:en": "Hatira Waterfall", "waterway": "waterfall", "covered": null, "width": null, "depth": null, "layer": null, "blockage": null, "tunnel": null, "natural": null, "water": null, "source": null, "name:he": "מפל חתירה", "osm_id": 2619083211, "osm_type": "nodes" }, "geometry": { "type": "Point", "coordinates": [ 35.0536603, 30.9350462 ] } },
{ "type": "Feature", "properties": { "name": null, "name:en": null, "waterway": "waterfall", "covered": null, "width": null, "depth": null, "layer": null, "blockage": null, "tunnel": null, "natural": null, "water": null, "source": null, "name:he": null, "osm_id": 3079687495, "osm_type": "nodes" }, "geometry": { "type": "Point", "coordinates": [ 35.0619708, 30.9333699 ] } },
{ "type": "Feature", "properties": { "name": "בריכת שכשוך", "name:en": "Wading Pool", "waterway": null, "covered": null, "width": null, "depth": null, "layer": null, "blockage": null, "tunnel": null, "natural": "water", "water": "pond", "source": null, "name:he": "בריכת שכשוך", "osm_id": 520419386, "osm_type": "nodes" }, "geometry": { "type": "Point", "coordinates": [ 35.6514878, 33.2468726 ] } },
{ "type": "Feature", "properties": { "name": "המפל הנסתר", "name:en": "The Hidden Waterfall", "waterway": "waterfall", "covered": null, "width": null, "depth": null, "layer": null, "blockage": null, "tunnel": null, "natural": null, "water": null, "source": null, "name:he": "המפל הנסתר", "osm_id": 2624828398, "osm_type": "nodes" }, "geometry": { "type": "Point", "coordinates": [ 35.3639183, 31.4578323 ] } },
{ "type": "Feature", "properties": { "name": "מפל עורבים", "name:en": null, "waterway": "waterfall", "covered": null, "width": null, "depth": null, "layer": null, "blockage": null, "tunnel": null, "natural": null, "water": null, "source": null, "name:he": "מפל עורבים", "osm_id": 6330449985, "osm_type": "nodes" }, "geometry": { "type": "Point", "coordinates": [ 35.679993, 33.1412604 ] } },
{ "type": "Feature", "properties": { "name": "מפלי פרוד", "name:en": null, "waterway": "waterfall", "covered": null, "width": null, "depth": null, "layer": null, "blockage": null, "tunnel": null, "natural": null, "water": null, "source": null, "name:he": "מפלי פרוד", "osm_id": 7123788687, "osm_type": "nodes" }, "geometry": { "type": "Point", "coordinates": [ 35.4320784, 32.9419067 ] } },
{ "type": "Feature", "properties": { "name": null, "name:en": null, "waterway": "waterfall", "covered": null, "width": null, "depth": null, "layer": null, "blockage": null, "tunnel": null, "natural": null, "water": null, "source": null, "name:he": null, "osm_id": 5943710230, "osm_type": "nodes" }, "geometry": { "type": "Point", "coordinates": [ 35.555411, 33.1175395 ] } },
{ "type": "Feature", "properties": { "name": "הגשר הסורי", "name:en": "Syrian bridge", "waterway": null, "covered": null, "width": null, "depth": null, "layer": null, "blockage": null, "tunnel": null, "natural": "water", "water": "pond", "source": null, "name:he": "הגשר הסורי", "osm_id": 4417950155, "osm_type": "nodes" }, "geometry": { "type": "Point", "coordinates": [ 35.7402267, 32.8644753 ] } },
{ "type": "Feature", "properties": { "name": "نهر اليرموك", "name:en": "Al Yarmuk", "waterway": "stream", "covered": null, "width": null, "depth": null, "layer": null, "blockage": null, "tunnel": null, "natural": null, "water": null, "source": null, "name:he": null, "osm_id": 798853413, "osm_type": "nodes" }, "geometry": { "type": "Point", "coordinates": [ 35.5678837, 32.6333755 ] } },
{ "type": "Feature", "properties": { "name": "قناة العوجاء", "name:en": "Qanat al Awja", "waterway": "canal", "covered": null, "width": null, "depth": null, "layer": null, "blockage": null, "tunnel": null, "natural": null, "water": null, "source": null, "name:he": null, "osm_id": 802802755, "osm_type": "nodes" }, "geometry": { "type": "Point", "coordinates": [ 35.566667, 32.433333 ] } },
{ "type": "Feature", "properties": { "name": "خالد إبن الوليد", "name:en": "Khalid Ibn al Walid", "waterway": "dam", "covered": null, "width": null, "depth": null, "layer": null, "blockage": null, "tunnel": null, "natural": null, "water": null, "source": null, "name:he": null, "osm_id": 573515367, "osm_type": "nodes" }, "geometry": { "type": "Point", "coordinates": [ 35.6860535, 32.7118812 ] } },
{ "type": "Feature", "properties": { "name": "وادي الرقاد", "name:en": "Wadi ar Ruqqad", "waterway": "stream", "covered": null, "width": null, "depth": null, "layer": null, "blockage": null, "tunnel": null, "natural": null, "water": null, "source": null, "name:he": null, "osm_id": 573515566, "osm_type": "nodes" }, "geometry": { "type": "Point", "coordinates": [ 35.7586111, 32.7475 ] } },
{ "type": "Feature", "properties": { "name": null, "name:en": null, "waterway": "waterfall", "covered": null, "width": null, "depth": null, "layer": null, "blockage": null, "tunnel": null, "natural": null, "water": null, "source": null, "name:he": null, "osm_id": 10778054673, "osm_type": "nodes" }, "geometry": { "type": "Point", "coordinates": [ 35.4697649, 32.6484599 ] } },
{ "type": "Feature", "properties": { "name": null, "name:en": null, "waterway": "waterfall", "covered": null, "width": null, "depth": null, "layer": null, "blockage": null, "tunnel": null, "natural": null, "water": null, "source": null, "name:he": null, "osm_id": 12103165040, "osm_type": "nodes" }, "geometry": { "type": "Point", "coordinates": [ 35.7746099, 32.9590386 ] } },
{ "type": "Feature", "properties": { "name": null, "name:en": null, "waterway": "waterfall", "covered": null, "width": null, "depth": null, "layer": null, "blockage": null, "tunnel": null, "natural": null, "water": null, "source": null, "name:he": null, "osm_id": 11179532314, "osm_type": "nodes" }, "geometry": { "type": "Point", "coordinates": [ 35.475138, 32.5094755 ] } },
{ "type": "Feature", "properties": { "name": null, "name:en": null, "waterway": null, "covered": null, "width": null, "depth": null, "layer": null, "blockage": null, "tunnel": null, "natural": "water", "water": "stream_pool", "source": null, "name:he": null, "osm_id": 7950522893, "osm_type": "nodes" }, "geometry": { "type": "Point", "coordinates": [ 35.6114388, 33.1981462 ] } },
{ "type": "Feature", "properties": { "name": "סכר ירדינון", "name:en": null, "waterway": "dam", "covered": null, "width": null, "depth": null, "layer": null, "blockage": null, "tunnel": null, "natural": null, "water": null, "source": null, "name:he": "סכר ירדינון", "osm_id": 7619199179, "osm_type": "nodes" }, "geometry": { "type": "Point", "coordinates": [ 35.6685842, 33.1543932 ] } },
{ "type": "Feature", "properties": { "name": "סכר מי שיטפון", "name:en": null, "waterway": "dam", "covered": null, "width": null, "depth": null, "layer": null, "blockage": null, "tunnel": null, "natural": null, "water": null, "source": null, "name:he": "סכר מי שיטפון", "osm_id": 7884419125, "osm_type": "nodes" }, "geometry": { "type": "Point", "coordinates": [ 35.5701494, 32.6531285 ] } },
{ "type": "Feature", "properties": { "name": "סכר ויסות", "name:en": null, "waterway": "dam", "covered": null, "width": null, "depth": null, "layer": null, "blockage": null, "tunnel": null, "natural": null, "water": null, "source": null, "name:he": "סכר ויסות", "osm_id": 7885158046, "osm_type": "nodes" }, "geometry": { "type": "Point", "coordinates": [ 35.5702628, 32.6530744 ] } },
{ "type": "Feature", "properties": { "name": "המפל \"הנסתר\"", "name:en": "The \"hidden\" waterfall", "waterway": "waterfall", "covered": null, "width": null, "depth": null, "layer": null, "blockage": null, "tunnel": null, "natural": null, "water": null, "source": null, "name:he": "המפל \"הנסתר\"", "osm_id": 8120763817, "osm_type": "nodes" }, "geometry": { "type": "Point", "coordinates": [ 34.8952091, 32.1256581 ] } },
{ "type": "Feature", "properties": { "name": "סכר הרכבת", "name:en": null, "waterway": "dam", "covered": null, "width": null, "depth": null, "layer": null, "blockage": null, "tunnel": null, "natural": null, "water": null, "source": null, "name:he": null, "osm_id": 7885158045, "osm_type": "nodes" }, "geometry": { "type": "Point", "coordinates": [ 35.5723985, 32.6459106 ] } },
{ "type": "Feature", "properties": { "name": null, "name:en": null, "waterway": "weir", "covered": null, "width": null, "depth": null, "layer": null, "blockage": null, "tunnel": null, "natural": null, "water": null, "source": null, "name:he": null, "osm_id": 10979653780, "osm_type": "nodes" }, "geometry": { "type": "Point", "coordinates": [ 34.8956196, 32.1252137 ] } },
{ "type": "Feature", "properties": { "name": null, "name:en": null, "waterway": null, "covered": null, "width": null, "depth": null, "layer": null, "blockage": null, "tunnel": null, "natural": "water", "water": "pond", "source": null, "name:he": null, "osm_id": 3721113509, "osm_type": "nodes" }, "geometry": { "type": "Point", "coordinates": [ 35.6619092, 33.0396696 ] } },
{ "type": "Feature", "properties": { "name": null, "name:en": null, "waterway": "waterfall", "covered": null, "width": null, "depth": null, "layer": null, "blockage": null, "tunnel": null, "natural": null, "water": null, "source": null, "name:he": null, "osm_id": 3517131872, "osm_type": "nodes" }, "geometry": { "type": "Point", "coordinates": [ 34.9756756, 29.9166872 ] } },
{ "type": "Feature", "properties": { "name": null, "name:en": null, "waterway": "waterfall", "covered": null, "width": null, "depth": null, "layer": null, "blockage": null, "tunnel": null, "natural": null, "water": null, "source": null, "name:he": null, "osm_id": 11196068538, "osm_type": "nodes" }, "geometry": { "type": "Point", "coordinates": [ 34.9721378, 29.9151877 ] } },
{ "type": "Feature", "properties": { "name": "מפל עיט", "name:en": "Ayit Waterfall", "waterway": "waterfall", "covered": null, "width": null, "depth": null, "layer": null, "blockage": null, "tunnel": null, "natural": null, "water": null, "source": null, "name:he": "מפל עיט", "osm_id": 2591512370, "osm_type": "nodes" }, "geometry": { "type": "Point", "coordinates": [ 35.7537689, 32.955143 ] } },
{ "type": "Feature", "properties": { "name": "Al-Jwazeh/عين الجويزه / أراضي زراعية Al-Jweizeh water-spring \\ Agricultural land", "name:en": null, "waterway": "stream", "covered": null, "width": null, "depth": null, "layer": null, "blockage": null, "tunnel": null, "natural": null, "water": null, "source": null, "name:he": null, "osm_id": 431631187, "osm_type": "nodes" }, "geometry": { "type": "Point", "coordinates": [ 35.1584292, 31.7386705 ] } },
{ "type": "Feature", "properties": { "name": "מפל איוב", "name:en": "Ayoob Waterfall", "waterway": "waterfall", "covered": null, "width": null, "depth": null, "layer": null, "blockage": null, "tunnel": null, "natural": null, "water": null, "source": null, "name:he": "מפל איוב", "osm_id": 5436920189, "osm_type": "nodes" }, "geometry": { "type": "Point", "coordinates": [ 35.552178, 32.872507 ] } },
{ "type": "Feature", "properties": { "name": null, "name:en": null, "waterway": "waterfall", "covered": null, "width": null, "depth": null, "layer": null, "blockage": null, "tunnel": null, "natural": null, "water": null, "source": null, "name:he": null, "osm_id": 11397326369, "osm_type": "nodes" }, "geometry": { "type": "Point", "coordinates": [ 35.2738696, 31.0170601 ] } },
{ "type": "Feature", "properties": { "name": null, "name:en": null, "waterway": "waterfall", "covered": null, "width": null, "depth": null, "layer": null, "blockage": null, "tunnel": null, "natural": null, "water": null, "source": null, "name:he": null, "osm_id": 5286180493, "osm_type": "nodes" }, "geometry": { "type": "Point", "coordinates": [ 34.7343294, 30.279444 ] } },
{ "type": "Feature", "properties": { "name": "מפל נחל עתק", "name:en": "waterfall wadi eteq", "waterway": "waterfall", "covered": null, "width": null, "depth": null, "layer": null, "blockage": null, "tunnel": null, "natural": null, "water": null, "source": null, "name:he": "מפל נחל עתק", "osm_id": 8576955317, "osm_type": "nodes" }, "geometry": { "type": "Point", "coordinates": [ 34.884175, 29.7246426 ] } },
{ "type": "Feature", "properties": { "name": "מפל טרף", "name:en": null, "waterway": "waterfall", "covered": null, "width": null, "depth": null, "layer": null, "blockage": null, "tunnel": null, "natural": null, "water": null, "source": null, "name:he": "מפל טרף", "osm_id": 5024453199, "osm_type": "nodes" }, "geometry": { "type": "Point", "coordinates": [ 34.9994186, 30.7465873 ] } },
{ "type": "Feature", "properties": { "name": null, "name:en": null, "waterway": "waterfall", "covered": null, "width": null, "depth": null, "layer": null, "blockage": null, "tunnel": null, "natural": null, "water": null, "source": null, "name:he": null, "osm_id": 5154866056, "osm_type": "nodes" }, "geometry": { "type": "Point", "coordinates": [ 35.0476625, 30.6040232 ] } },
{ "type": "Feature", "properties": { "name": "עין מסילה", "name:en": "Ein Mesilla", "waterway": null, "covered": null, "width": null, "depth": null, "layer": null, "blockage": null, "tunnel": null, "natural": "water", "water": "pond", "source": "GPS", "name:he": "עין מסילה", "osm_id": 4250187309, "osm_type": "nodes" }, "geometry": { "type": "Point", "coordinates": [ 35.0158179, 31.8103455 ] } },
{ "type": "Feature", "properties": { "name": null, "name:en": null, "waterway": "waterfall", "covered": null, "width": null, "depth": null, "layer": null, "blockage": null, "tunnel": null, "natural": null, "water": null, "source": null, "name:he": null, "osm_id": 2637228857, "osm_type": "nodes" }, "geometry": { "type": "Point", "coordinates": [ 35.1672476, 31.1976308 ] } },
{ "type": "Feature", "properties": { "name": null, "name:en": null, "waterway": null, "covered": null, "width": null, "depth": null, "layer": null, "blockage": null, "tunnel": null, "natural": "wetland", "water": null, "source": null, "name:he": null, "osm_id": 8583852056, "osm_type": "nodes" }, "geometry": { "type": "Point", "coordinates": [ 35.8210496, 32.9973158 ] } },
{ "type": "Feature", "properties": { "name": "מפלון עם בריכה", "name:en": null, "waterway": "waterfall", "covered": null, "width": null, "depth": null, "layer": null, "blockage": null, "tunnel": null, "natural": null, "water": null, "source": null, "name:he": null, "osm_id": 12175086050, "osm_type": "nodes" }, "geometry": { "type": "Point", "coordinates": [ 35.4763745, 32.5090893 ] } },
{ "type": "Feature", "properties": { "name": null, "name:en": null, "waterway": "waterfall", "covered": null, "width": null, "depth": null, "layer": null, "blockage": null, "tunnel": null, "natural": null, "water": null, "source": null, "name:he": null, "osm_id": 3032444053, "osm_type": "nodes" }, "geometry": { "type": "Point", "coordinates": [ 34.7391094, 30.2993019 ] } },
{ "type": "Feature", "properties": { "name": null, "name:en": null, "waterway": "waterfall", "covered": null, "width": null, "depth": null, "layer": null, "blockage": null, "tunnel": null, "natural": null, "water": null, "source": null, "name:he": null, "osm_id": 7184429085, "osm_type": "nodes" }, "geometry": { "type": "Point", "coordinates": [ 34.8871178, 31.9402009 ] } },
{ "type": "Feature", "properties": { "name": null, "name:en": null, "waterway": "water_point", "covered": null, "width": null, "depth": null, "layer": null, "blockage": null, "tunnel": null, "natural": null, "water": null, "source": null, "name:he": null, "osm_id": 7086094056, "osm_type": "nodes" }, "geometry": { "type": "Point", "coordinates": [ 34.8011217, 31.2623054 ] } },
{ "type": "Feature", "properties": { "name": null, "name:en": null, "waterway": "waterfall", "covered": null, "width": null, "depth": null, "layer": null, "blockage": null, "tunnel": null, "natural": null, "water": null, "source": null, "name:he": null, "osm_id": 4585158736, "osm_type": "nodes" }, "geometry": { "type": "Point", "coordinates": [ 35.1561468, 30.6441386 ] } },
{ "type": "Feature", "properties": { "name": null, "name:en": null, "waterway": "waterfall", "covered": null, "width": null, "depth": null, "layer": null, "blockage": null, "tunnel": null, "natural": null, "water": null, "source": null, "name:he": null, "osm_id": 1571940581, "osm_type": "nodes" }, "geometry": { "type": "Point", "coordinates": [ 35.3434971, 31.4683952 ] } },
{ "type": "Feature", "properties": { "name": null, "name:en": null, "waterway": "waterfall", "covered": null, "width": null, "depth": null, "layer": null, "blockage": null, "tunnel": null, "natural": null, "water": null, "source": null, "name:he": null, "osm_id": 5291674745, "osm_type": "nodes" }, "geometry": { "type": "Point", "coordinates": [ 35.3602338, 31.4521496 ] } },
{ "type": "Feature", "properties": { "name": "יציאת חירום מספר 8", "name:en": "Emergency Exit Number 8", "waterway": null, "covered": null, "width": null, "depth": null, "layer": null, "blockage": null, "tunnel": null, "natural": "water", "water": "stream_pool", "source": null, "name:he": "יציאת חירום מספר 8", "osm_id": 7950522885, "osm_type": "nodes" }, "geometry": { "type": "Point", "coordinates": [ 35.6107379, 33.2015719 ] } },
{ "type": "Feature", "properties": { "name": null, "name:en": null, "waterway": null, "covered": null, "width": null, "depth": null, "layer": null, "blockage": null, "tunnel": null, "natural": "water", "water": "stream_pool", "source": null, "name:he": null, "osm_id": 5139810847, "osm_type": "nodes" }, "geometry": { "type": "Point", "coordinates": [ 35.6095816, 33.2159434 ] } },
{ "type": "Feature", "properties": { "name": null, "name:en": null, "waterway": "waterfall", "covered": null, "width": null, "depth": null, "layer": null, "blockage": null, "tunnel": null, "natural": null, "water": null, "source": null, "name:he": null, "osm_id": 4813551816, "osm_type": "nodes" }, "geometry": { "type": "Point", "coordinates": [ 34.8505181, 32.101177 ] } },
{ "type": "Feature", "properties": { "name": "סכר העודפים", "name:en": null, "waterway": "dam", "covered": null, "width": null, "depth": null, "layer": null, "blockage": null, "tunnel": null, "natural": null, "water": null, "source": null, "name:he": "סכר העודפים", "osm_id": 6397094243, "osm_type": "nodes" }, "geometry": { "type": "Point", "coordinates": [ 35.5728165, 32.6457272 ] } },
{ "type": "Feature", "properties": { "name": "نهر المقطع", "name:en": "Al Mukatta", "waterway": "stream", "covered": null, "width": null, "depth": null, "layer": null, "blockage": null, "tunnel": null, "natural": null, "water": null, "source": null, "name:he": null, "osm_id": 798853404, "osm_type": "nodes" }, "geometry": { "type": "Point", "coordinates": [ 35.5696054, 32.6186726 ] } },
{ "type": "Feature", "properties": { "name": "עין משגב", "name:en": "Ein Misgav", "waterway": "weir", "covered": null, "width": null, "depth": null, "layer": null, "blockage": null, "tunnel": null, "natural": "spring", "water": null, "source": "GEOnet Names Server (gns)", "name:he": "עין משגב", "osm_id": 278475676, "osm_type": "nodes" }, "geometry": { "type": "Point", "coordinates": [ 35.5498774, 33.2499847 ] } },
{ "type": "Feature", "properties": { "name": null, "name:en": null, "waterway": "waterfall", "covered": null, "width": null, "depth": null, "layer": null, "blockage": null, "tunnel": null, "natural": null, "water": null, "source": null, "name:he": null, "osm_id": 3721113515, "osm_type": "nodes" }, "geometry": { "type": "Point", "coordinates": [ 35.6340833, 33.0441959 ] } },
{ "type": "Feature", "properties": { "name": null, "name:en": null, "waterway": "dam", "covered": null, "width": null, "depth": null, "layer": null, "blockage": null, "tunnel": null, "natural": null, "water": null, "source": null, "name:he": null, "osm_id": 6547278789, "osm_type": "nodes" }, "geometry": { "type": "Point", "coordinates": [ 35.6389221, 33.237436 ] } },
{ "type": "Feature", "properties": { "name": null, "name:en": null, "waterway": "waterfall", "covered": null, "width": null, "depth": null, "layer": null, "blockage": null, "tunnel": null, "natural": null, "water": null, "source": null, "name:he": null, "osm_id": 8710030810, "osm_type": "nodes" }, "geometry": { "type": "Point", "coordinates": [ 35.6106719, 33.1690202 ] } },
{ "type": "Feature", "properties": { "name": null, "name:en": null, "waterway": "dam", "covered": null, "width": null, "depth": null, "layer": null, "blockage": null, "tunnel": null, "natural": null, "water": null, "source": null, "name:he": null, "osm_id": 10415862774, "osm_type": "nodes" }, "geometry": { "type": "Point", "coordinates": [ 35.2224062, 33.0757383 ] } },
{ "type": "Feature", "properties": { "name": null, "name:en": null, "waterway": "waterfall", "covered": null, "width": null, "depth": null, "layer": null, "blockage": null, "tunnel": null, "natural": null, "water": null, "source": null, "name:he": null, "osm_id": 1523009952, "osm_type": "nodes" }, "geometry": { "type": "Point", "coordinates": [ 35.6251296, 33.1949159 ] } },
{ "type": "Feature", "properties": { "name": "סדרת מפלים קטנים", "name:en": null, "waterway": "waterfall", "covered": null, "width": null, "depth": null, "layer": null, "blockage": null, "tunnel": null, "natural": null, "water": null, "source": null, "name:he": "סדרת מפלים קטנים", "osm_id": 9741316217, "osm_type": "nodes" }, "geometry": { "type": "Point", "coordinates": [ 35.7165199, 33.2855181 ] } },
{ "type": "Feature", "properties": { "name": null, "name:en": null, "waterway": "waterfall", "covered": null, "width": null, "depth": null, "layer": null, "blockage": null, "tunnel": null, "natural": null, "water": null, "source": null, "name:he": "מפל האירוסים", "osm_id": 10613362428, "osm_type": "nodes" }, "geometry": { "type": "Point", "coordinates": [ 35.7396033, 32.9996697 ] } },
{ "type": "Feature", "properties": { "name": null, "name:en": null, "waterway": "waterfall", "covered": null, "width": null, "depth": null, "layer": null, "blockage": null, "tunnel": null, "natural": "cliff", "water": null, "source": null, "name:he": null, "osm_id": 1258130593, "osm_type": "nodes" }, "geometry": { "type": "Point", "coordinates": [ 35.6677971, 33.0430565 ] } },
{ "type": "Feature", "properties": { "name": "מפל בניאס", "name:en": "Banias waterfall", "waterway": "waterfall", "covered": null, "width": null, "depth": null, "layer": null, "blockage": null, "tunnel": null, "natural": null, "water": null, "source": null, "name:he": "מפל בניאס", "osm_id": 3446420753, "osm_type": "nodes" }, "geometry": { "type": "Point", "coordinates": [ 35.6818757, 33.2409572 ] } },
{ "type": "Feature", "properties": { "name": null, "name:en": null, "waterway": null, "covered": null, "width": null, "depth": null, "layer": null, "blockage": null, "tunnel": null, "natural": "water", "water": "pond", "source": null, "name:he": null, "osm_id": 8969057817, "osm_type": "nodes" }, "geometry": { "type": "Point", "coordinates": [ 35.3392543, 32.5610003 ] } },
{ "type": "Feature", "properties": { "name": "עין קנא", "name:en": null, "waterway": null, "covered": null, "width": null, "depth": null, "layer": null, "blockage": null, "tunnel": null, "natural": "water", "water": "lake", "source": null, "name:he": "עין קנא", "osm_id": 6150163600, "osm_type": "nodes" }, "geometry": { "type": "Point", "coordinates": [ 35.7587417, 33.2506211 ] } },
{ "type": "Feature", "properties": { "name": null, "name:en": null, "waterway": "waterfall", "covered": null, "width": null, "depth": null, "layer": null, "blockage": null, "tunnel": null, "natural": null, "water": null, "source": null, "name:he": null, "osm_id": 10895913987, "osm_type": "nodes" }, "geometry": { "type": "Point", "coordinates": [ 35.715708, 33.2354169 ] } },
{ "type": "Feature", "properties": { "name": null, "name:en": null, "waterway": "waterfall", "covered": null, "width": null, "depth": null, "layer": null, "blockage": null, "tunnel": null, "natural": null, "water": null, "source": null, "name:he": null, "osm_id": 1523035269, "osm_type": "nodes" }, "geometry": { "type": "Point", "coordinates": [ 35.7034676, 33.2401526 ] } },
{ "type": "Feature", "properties": { "name": null, "name:en": null, "waterway": "waterfall", "covered": null, "width": null, "depth": null, "layer": null, "blockage": null, "tunnel": null, "natural": null, "water": null, "source": null, "name:he": null, "osm_id": 5943710204, "osm_type": "nodes" }, "geometry": { "type": "Point", "coordinates": [ 35.5596489, 33.1187874 ] } },
{ "type": "Feature", "properties": { "name": null, "name:en": null, "waterway": "waterfall", "covered": null, "width": null, "depth": null, "layer": null, "blockage": null, "tunnel": null, "natural": null, "water": null, "source": null, "name:he": null, "osm_id": 5943710217, "osm_type": "nodes" }, "geometry": { "type": "Point", "coordinates": [ 35.5570552, 33.1183235 ] } },
{ "type": "Feature", "properties": { "name": null, "name:en": null, "waterway": "waterfall", "covered": null, "width": null, "depth": null, "layer": null, "blockage": null, "tunnel": null, "natural": null, "water": null, "source": null, "name:he": null, "osm_id": 6080932763, "osm_type": "nodes" }, "geometry": { "type": "Point", "coordinates": [ 35.5304327, 32.9808172 ] } },
{ "type": "Feature", "properties": { "name": "בריכת דובב", "name:en": "Dovev pool", "waterway": null, "covered": null, "width": null, "depth": null, "layer": null, "blockage": null, "tunnel": null, "natural": "water", "water": "pond", "source": null, "name:he": "בריכת דובב", "osm_id": 4825955174, "osm_type": "nodes" }, "geometry": { "type": "Point", "coordinates": [ 35.415139, 33.0501611 ] } },
{ "type": "Feature", "properties": { "name": null, "name:en": null, "waterway": null, "covered": null, "width": null, "depth": null, "layer": null, "blockage": null, "tunnel": null, "natural": "water", "water": "stream_pool", "source": null, "name:he": null, "osm_id": 5760224377, "osm_type": "nodes" }, "geometry": { "type": "Point", "coordinates": [ 35.6108175, 33.2049448 ] } },
{ "type": "Feature", "properties": { "name": null, "name:en": null, "waterway": null, "covered": null, "width": null, "depth": null, "layer": null, "blockage": null, "tunnel": null, "natural": "water", "water": "stream_pool", "source": null, "name:he": null, "osm_id": 5760224372, "osm_type": "nodes" }, "geometry": { "type": "Point", "coordinates": [ 35.6114382, 33.2074534 ] } },
{ "type": "Feature", "properties": { "name": "ים כנרת", "name:en": "Sea of Galilee", "waterway": null, "covered": null, "width": null, "depth": null, "layer": null, "blockage": null, "tunnel": null, "natural": "water", "water": null, "source": "GEOnet Names Server (gns)", "name:he": "ים כנרת", "osm_id": 278477091, "osm_type": "nodes" }, "geometry": { "type": "Point", "coordinates": [ 35.590564, 32.8138046 ] } },
{ "type": "Feature", "properties": { "name": null, "name:en": null, "waterway": "weir", "covered": null, "width": null, "depth": null, "layer": null, "blockage": null, "tunnel": null, "natural": null, "water": null, "source": null, "name:he": null, "osm_id": 11001738312, "osm_type": "nodes" }, "geometry": { "type": "Point", "coordinates": [ 35.1043338, 32.6280691 ] } },
{ "type": "Feature", "properties": { "name": null, "name:en": null, "waterway": "waterfall", "covered": null, "width": null, "depth": null, "layer": null, "blockage": null, "tunnel": null, "natural": null, "water": null, "source": null, "name:he": null, "osm_id": 1326939932, "osm_type": "nodes" }, "geometry": { "type": "Point", "coordinates": [ 35.7099999, 32.9447091 ] } },
{ "type": "Feature", "properties": { "name": null, "name:en": null, "waterway": "dam", "covered": null, "width": null, "depth": null, "layer": null, "blockage": null, "tunnel": null, "natural": null, "water": null, "source": null, "name:he": null, "osm_id": 2791895511, "osm_type": "nodes" }, "geometry": { "type": "Point", "coordinates": [ 34.7246383, 31.7057207 ] } },
{ "type": "Feature", "properties": { "name": null, "name:en": null, "waterway": "waterfall", "covered": null, "width": null, "depth": null, "layer": null, "blockage": null, "tunnel": null, "natural": null, "water": null, "source": null, "name:he": null, "osm_id": 5284466059, "osm_type": "nodes" }, "geometry": { "type": "Point", "coordinates": [ 34.9133109, 29.782713 ] } },
{ "type": "Feature", "properties": { "name": null, "name:en": null, "waterway": "waterfall", "covered": null, "width": null, "depth": null, "layer": null, "blockage": null, "tunnel": null, "natural": null, "water": null, "source": null, "name:he": null, "osm_id": 11234468435, "osm_type": "nodes" }, "geometry": { "type": "Point", "coordinates": [ 34.9071232, 29.7808862 ] } },
{ "type": "Feature", "properties": { "name": "מפל וסולם", "name:en": "Waterfall and ladder", "waterway": "waterfall", "covered": null, "width": null, "depth": null, "layer": null, "blockage": null, "tunnel": null, "natural": null, "water": null, "source": null, "name:he": "מפל וסולם", "osm_id": 7078413585, "osm_type": "nodes" }, "geometry": { "type": "Point", "coordinates": [ 34.891535, 29.5988573 ] } },
{ "type": "Feature", "properties": { "name": null, "name:en": null, "waterway": "water_point", "covered": null, "width": null, "depth": null, "layer": null, "blockage": null, "tunnel": null, "natural": null, "water": null, "source": null, "name:he": null, "osm_id": 6702484484, "osm_type": "nodes" }, "geometry": { "type": "Point", "coordinates": [ 34.9637768, 32.7119942 ] } },
{ "type": "Feature", "properties": { "name": null, "name:en": null, "waterway": "waterfall", "covered": null, "width": null, "depth": null, "layer": null, "blockage": null, "tunnel": null, "natural": null, "water": null, "source": null, "name:he": null, "osm_id": 10880456705, "osm_type": "nodes" }, "geometry": { "type": "Point", "coordinates": [ 34.9977234, 32.7626971 ] } },
{ "type": "Feature", "properties": { "name": "קפטן ג'ק", "name:en": "Captain Jack", "waterway": "boatyard", "covered": null, "width": null, "depth": null, "layer": null, "blockage": null, "tunnel": null, "natural": null, "water": null, "source": null, "name:he": "קפטן ג'ק", "osm_id": 4464510678, "osm_type": "nodes" }, "geometry": { "type": "Point", "coordinates": [ 35.003097, 32.5068164 ] } },
{ "type": "Feature", "properties": { "name": null, "name:en": null, "waterway": "waterfall", "covered": null, "width": null, "depth": null, "layer": null, "blockage": null, "tunnel": null, "natural": null, "water": null, "source": null, "name:he": null, "osm_id": 7417320983, "osm_type": "nodes" }, "geometry": { "type": "Point", "coordinates": [ 35.0114448, 31.9024485 ] } },
{ "type": "Feature", "properties": { "name": null, "name:en": null, "waterway": "waterfall", "covered": null, "width": null, "depth": null, "layer": null, "blockage": null, "tunnel": null, "natural": null, "water": null, "source": null, "name:he": null, "osm_id": 10807028523, "osm_type": "nodes" }, "geometry": { "type": "Point", "coordinates": [ 34.8224184, 30.8566141 ] } },
{ "type": "Feature", "properties": { "name": null, "name:en": null, "waterway": "waterfall", "covered": null, "width": null, "depth": null, "layer": null, "blockage": null, "tunnel": null, "natural": null, "water": null, "source": null, "name:he": null, "osm_id": 3183453977, "osm_type": "nodes" }, "geometry": { "type": "Point", "coordinates": [ 34.8225917, 30.8570379 ] } },
{ "type": "Feature", "properties": { "name": null, "name:en": null, "waterway": "waterfall", "covered": null, "width": null, "depth": null, "layer": null, "blockage": null, "tunnel": null, "natural": null, "water": null, "source": null, "name:he": null, "osm_id": 11630156917, "osm_type": "nodes" }, "geometry": { "type": "Point", "coordinates": [ 35.0462355, 32.4557301 ] } },
{ "type": "Feature", "properties": { "name": null, "name:en": null, "waterway": "waterfall", "covered": null, "width": null, "depth": null, "layer": null, "blockage": null, "tunnel": null, "natural": null, "water": null, "source": null, "name:he": null, "osm_id": 11630156931, "osm_type": "nodes" }, "geometry": { "type": "Point", "coordinates": [ 35.0465511, 32.4558807 ] } },
{ "type": "Feature", "properties": { "name": null, "name:en": null, "waterway": "weir", "covered": null, "width": null, "depth": null, "layer": null, "blockage": null, "tunnel": null, "natural": null, "water": null, "source": null, "name:he": null, "osm_id": 10705417222, "osm_type": "nodes" }, "geometry": { "type": "Point", "coordinates": [ 34.8145299, 31.2633463 ] } },
{ "type": "Feature", "properties": { "name": "מפל נוב", "name:en": "Nov Waterfall", "waterway": "waterfall", "covered": null, "width": null, "depth": null, "layer": null, "blockage": null, "tunnel": null, "natural": null, "water": null, "source": null, "name:he": "מפל נוב", "osm_id": 6720829286, "osm_type": "nodes" }, "geometry": { "type": "Point", "coordinates": [ 35.7726503, 32.8398398 ] } },
{ "type": "Feature", "properties": { "name": null, "name:en": null, "waterway": "waterfall", "covered": null, "width": null, "depth": null, "layer": null, "blockage": null, "tunnel": null, "natural": null, "water": null, "source": null, "name:he": null, "osm_id": 7075927685, "osm_type": "nodes" }, "geometry": { "type": "Point", "coordinates": [ 34.9018996, 29.592026 ] } },
{ "type": "Feature", "properties": { "name": "מפל וסולם", "name:en": "Waterfall and ladder", "waterway": "waterfall", "covered": null, "width": null, "depth": null, "layer": null, "blockage": null, "tunnel": null, "natural": null, "water": null, "source": null, "name:he": "מפל וסולם", "osm_id": 5261402425, "osm_type": "nodes" }, "geometry": { "type": "Point", "coordinates": [ 34.8922253, 29.5968762 ] } },
{ "type": "Feature", "properties": { "name": null, "name:en": null, "waterway": "waterfall", "covered": null, "width": null, "depth": null, "layer": null, "blockage": null, "tunnel": null, "natural": null, "water": null, "source": null, "name:he": null, "osm_id": 6063368170, "osm_type": "nodes" }, "geometry": { "type": "Point", "coordinates": [ 34.946739, 29.669538 ] } },
{ "type": "Feature", "properties": { "name": null, "name:en": null, "waterway": "waterfall", "covered": null, "width": null, "depth": null, "layer": null, "blockage": null, "tunnel": null, "natural": null, "water": null, "source": null, "name:he": null, "osm_id": 4938226738, "osm_type": "nodes" }, "geometry": { "type": "Point", "coordinates": [ 34.8846429, 29.6779383 ] } },
{ "type": "Feature", "properties": { "name": null, "name:en": null, "waterway": "waterfall", "covered": null, "width": null, "depth": null, "layer": null, "blockage": null, "tunnel": null, "natural": null, "water": null, "source": null, "name:he": null, "osm_id": 5284463302, "osm_type": "nodes" }, "geometry": { "type": "Point", "coordinates": [ 34.9163579, 29.7781129 ] } },
{ "type": "Feature", "properties": { "name": null, "name:en": null, "waterway": "waterfall", "covered": null, "width": null, "depth": null, "layer": null, "blockage": null, "tunnel": null, "natural": null, "water": null, "source": null, "name:he": null, "osm_id": 4303278770, "osm_type": "nodes" }, "geometry": { "type": "Point", "coordinates": [ 35.6549168, 33.096398 ] } },
{ "type": "Feature", "properties": { "name": null, "name:en": null, "waterway": "waterfall", "covered": null, "width": null, "depth": null, "layer": null, "blockage": null, "tunnel": null, "natural": null, "water": null, "source": null, "name:he": null, "osm_id": 5291674777, "osm_type": "nodes" }, "geometry": { "type": "Point", "coordinates": [ 35.3638423, 31.4497654 ] } },
{ "type": "Feature", "properties": { "name": "מפל האשד", "name:en": "HaEshed Waterfall", "waterway": "waterfall", "covered": null, "width": null, "depth": null, "layer": null, "blockage": null, "tunnel": null, "natural": null, "water": null, "source": null, "name:he": "מפל האשד", "osm_id": 1077154595, "osm_type": "nodes" }, "geometry": { "type": "Point", "coordinates": [ 35.5844498, 33.2732048 ] } },
{ "type": "Feature", "properties": { "name": "מפל בזלת", "name:en": "Bazelet Waterfall", "waterway": "waterfall", "covered": null, "width": null, "depth": null, "layer": null, "blockage": null, "tunnel": null, "natural": null, "water": null, "source": null, "name:he": "מפל בזלת", "osm_id": 10867703457, "osm_type": "nodes" }, "geometry": { "type": "Point", "coordinates": [ 35.7659881, 32.9004333 ] } },
{ "type": "Feature", "properties": { "name": null, "name:en": null, "waterway": "waterfall", "covered": null, "width": null, "depth": null, "layer": null, "blockage": null, "tunnel": null, "natural": null, "water": null, "source": null, "name:he": null, "osm_id": 11179532313, "osm_type": "nodes" }, "geometry": { "type": "Point", "coordinates": [ 35.475168, 32.5094696 ] } },
{ "type": "Feature", "properties": { "name": null, "name:en": null, "waterway": "waterfall", "covered": null, "width": null, "depth": null, "layer": null, "blockage": null, "tunnel": null, "natural": null, "water": null, "source": null, "name:he": null, "osm_id": 5024453203, "osm_type": "nodes" }, "geometry": { "type": "Point", "coordinates": [ 34.9973876, 30.7491702 ] } },
{ "type": "Feature", "properties": { "name": null, "name:en": null, "waterway": "waterfall", "covered": null, "width": null, "depth": null, "layer": null, "blockage": null, "tunnel": null, "natural": null, "water": null, "source": null, "name:he": null, "osm_id": 10285916409, "osm_type": "nodes" }, "geometry": { "type": "Point", "coordinates": [ 35.0265903, 30.7790157 ] } },
{ "type": "Feature", "properties": { "name": null, "name:en": null, "waterway": "weir", "covered": null, "width": null, "depth": null, "layer": null, "blockage": null, "tunnel": null, "natural": null, "water": null, "source": null, "name:he": null, "osm_id": 4334560191, "osm_type": "nodes" }, "geometry": { "type": "Point", "coordinates": [ 35.4537005, 31.106764 ] } },
{ "type": "Feature", "properties": { "name": null, "name:en": null, "waterway": "waterfall", "covered": null, "width": null, "depth": null, "layer": null, "blockage": null, "tunnel": null, "natural": null, "water": null, "source": null, "name:he": null, "osm_id": 3177776666, "osm_type": "nodes" }, "geometry": { "type": "Point", "coordinates": [ 34.8133594, 30.8142962 ] } },
{ "type": "Feature", "properties": { "name": null, "name:en": null, "waterway": "waterfall", "covered": null, "width": null, "depth": null, "layer": null, "blockage": null, "tunnel": null, "natural": null, "water": null, "source": null, "name:he": null, "osm_id": 5155056572, "osm_type": "nodes" }, "geometry": { "type": "Point", "coordinates": [ 35.2628049, 30.9264836 ] } },
{ "type": "Feature", "properties": { "name": null, "name:en": null, "waterway": "waterfall", "covered": null, "width": null, "depth": null, "layer": null, "blockage": null, "tunnel": null, "natural": null, "water": null, "source": null, "name:he": null, "osm_id": 7293253382, "osm_type": "nodes" }, "geometry": { "type": "Point", "coordinates": [ 35.2628862, 30.9265433 ] } },
{ "type": "Feature", "properties": { "name": null, "name:en": null, "waterway": "waterfall", "covered": null, "width": null, "depth": null, "layer": null, "blockage": null, "tunnel": null, "natural": null, "water": null, "source": "GPS", "name:he": null, "osm_id": 2619083360, "osm_type": "nodes" }, "geometry": { "type": "Point", "coordinates": [ 35.0732454, 30.9443377 ] } },
{ "type": "Feature", "properties": { "name": null, "name:en": null, "waterway": "waterfall", "covered": null, "width": null, "depth": null, "layer": null, "blockage": null, "tunnel": null, "natural": null, "water": null, "source": null, "name:he": null, "osm_id": 2826699542, "osm_type": "nodes" }, "geometry": { "type": "Point", "coordinates": [ 35.0518093, 30.9910732 ] } },
{ "type": "Feature", "properties": { "name": null, "name:en": null, "waterway": "waterfall", "covered": null, "width": null, "depth": null, "layer": null, "blockage": null, "tunnel": null, "natural": null, "water": null, "source": "GPS", "name:he": null, "osm_id": 2619083345, "osm_type": "nodes" }, "geometry": { "type": "Point", "coordinates": [ 35.0740517, 30.945799 ] } },
{ "type": "Feature", "properties": { "name": null, "name:en": null, "waterway": "weir", "covered": null, "width": null, "depth": null, "layer": null, "blockage": null, "tunnel": null, "natural": null, "water": null, "source": null, "name:he": null, "osm_id": 4334559900, "osm_type": "nodes" }, "geometry": { "type": "Point", "coordinates": [ 35.3922104, 31.1168943 ] } },
{ "type": "Feature", "properties": { "name": "מפל וסולם", "name:en": "Waterfall and ladder", "waterway": "waterfall", "covered": null, "width": null, "depth": null, "layer": null, "blockage": null, "tunnel": null, "natural": null, "water": null, "source": null, "name:he": "מפל וסולם", "osm_id": 7078376388, "osm_type": "nodes" }, "geometry": { "type": "Point", "coordinates": [ 34.8938957, 29.5974234 ] } },
{ "type": "Feature", "properties": { "name": null, "name:en": null, "waterway": "waterfall", "covered": null, "width": null, "depth": null, "layer": null, "blockage": null, "tunnel": null, "natural": null, "water": null, "source": null, "name:he": null, "osm_id": 3433742192, "osm_type": "nodes" }, "geometry": { "type": "Point", "coordinates": [ 34.7638402, 30.8262638 ] } },
{ "type": "Feature", "properties": { "name": "מפל חצרה", "name:en": "Chatzera Fall", "waterway": "waterfall", "covered": null, "width": null, "depth": null, "layer": null, "blockage": null, "tunnel": null, "natural": null, "water": null, "source": null, "name:he": "מפל חצרה", "osm_id": 5155056605, "osm_type": "nodes" }, "geometry": { "type": "Point", "coordinates": [ 35.2427406, 30.9332008 ] } },
{ "type": "Feature", "properties": { "name": "מפל אשלים", "name:en": "Ashalim Fall", "waterway": "waterfall", "covered": null, "width": null, "depth": null, "layer": null, "blockage": null, "tunnel": null, "natural": null, "water": null, "source": null, "name:he": "מפל אשלים", "osm_id": 2885520678, "osm_type": "nodes" }, "geometry": { "type": "Point", "coordinates": [ 35.3128064, 31.0722601 ] } },
{ "type": "Feature", "properties": { "name": null, "name:en": null, "waterway": "waterfall", "covered": null, "width": null, "depth": null, "layer": null, "blockage": null, "tunnel": null, "natural": null, "water": null, "source": null, "name:he": null, "osm_id": 4155895487, "osm_type": "nodes" }, "geometry": { "type": "Point", "coordinates": [ 35.3005117, 30.9810818 ] } },
{ "type": "Feature", "properties": { "name": null, "name:en": null, "waterway": "waterfall", "covered": null, "width": null, "depth": null, "layer": null, "blockage": null, "tunnel": null, "natural": null, "water": null, "source": "GPS", "name:he": null, "osm_id": 2619083135, "osm_type": "nodes" }, "geometry": { "type": "Point", "coordinates": [ 35.0405572, 30.9381499 ] } },
{ "type": "Feature", "properties": { "name": null, "name:en": null, "waterway": "waterfall", "covered": null, "width": null, "depth": null, "layer": null, "blockage": null, "tunnel": null, "natural": null, "water": null, "source": null, "name:he": null, "osm_id": 5286180706, "osm_type": "nodes" }, "geometry": { "type": "Point", "coordinates": [ 34.7128716, 30.2919349 ] } },
{ "type": "Feature", "properties": { "name": null, "name:en": null, "waterway": "waterfall", "covered": null, "width": null, "depth": null, "layer": null, "blockage": null, "tunnel": null, "natural": null, "water": null, "source": null, "name:he": null, "osm_id": 4548822061, "osm_type": "nodes" }, "geometry": { "type": "Point", "coordinates": [ 34.8281119, 30.8168449 ] } },
{ "type": "Feature", "properties": { "name": null, "name:en": null, "waterway": "waterfall", "covered": null, "width": null, "depth": null, "layer": null, "blockage": null, "tunnel": null, "natural": null, "water": null, "source": null, "name:he": null, "osm_id": 5278563716, "osm_type": "nodes" }, "geometry": { "type": "Point", "coordinates": [ 34.9885326, 30.7599556 ] } },
{ "type": "Feature", "properties": { "name": null, "name:en": null, "waterway": "waterfall", "covered": null, "width": null, "depth": null, "layer": null, "blockage": null, "tunnel": null, "natural": null, "water": null, "source": null, "name:he": null, "osm_id": 10589913237, "osm_type": "nodes" }, "geometry": { "type": "Point", "coordinates": [ 34.9497349, 30.7566298 ] } },
{ "type": "Feature", "properties": { "name": null, "name:en": null, "waterway": "waterfall", "covered": null, "width": null, "depth": null, "layer": null, "blockage": null, "tunnel": null, "natural": null, "water": null, "source": null, "name:he": null, "osm_id": 7138477289, "osm_type": "nodes" }, "geometry": { "type": "Point", "coordinates": [ 35.080233, 30.0482987 ] } },
{ "type": "Feature", "properties": { "name": "קייקי מעין-הגושרים יציאת חירום מספר 3", "name:en": "Emergency Exit Number 3", "waterway": null, "covered": null, "width": null, "depth": null, "layer": null, "blockage": null, "tunnel": null, "natural": "water", "water": "stream_pool", "source": null, "name:he": "קייקי מעין-הגושרים יציאת חירום מספר 3", "osm_id": 6498333053, "osm_type": "nodes" }, "geometry": { "type": "Point", "coordinates": [ 35.6102137, 33.2160891 ] } },
{ "type": "Feature", "properties": { "name": "הג'קוזי", "name:en": "The Hot Tub", "waterway": null, "covered": null, "width": null, "depth": null, "layer": null, "blockage": null, "tunnel": null, "natural": "water", "water": "stream_pool", "source": null, "name:he": "הג'קוזי", "osm_id": 5153564919, "osm_type": "nodes" }, "geometry": { "type": "Point", "coordinates": [ 35.6455176, 33.2422192 ] } },
{ "type": "Feature", "properties": { "name": null, "name:en": null, "waterway": "waterfall", "covered": null, "width": null, "depth": null, "layer": null, "blockage": null, "tunnel": null, "natural": null, "water": null, "source": null, "name:he": null, "osm_id": 8270050086, "osm_type": "nodes" }, "geometry": { "type": "Point", "coordinates": [ 35.6157154, 33.1811715 ] } },
{ "type": "Feature", "properties": { "name": null, "name:en": null, "waterway": "waterfall", "covered": null, "width": null, "depth": null, "layer": null, "blockage": null, "tunnel": null, "natural": null, "water": null, "source": null, "name:he": null, "osm_id": 7616117904, "osm_type": "nodes" }, "geometry": { "type": "Point", "coordinates": [ 35.6675591, 33.0433403 ] } },
{ "type": "Feature", "properties": { "name": null, "name:en": null, "waterway": "waterfall", "covered": null, "width": null, "depth": null, "layer": null, "blockage": null, "tunnel": null, "natural": null, "water": null, "source": null, "name:he": null, "osm_id": 4098366622, "osm_type": "nodes" }, "geometry": { "type": "Point", "coordinates": [ 34.9034215, 30.7277213 ] } },
{ "type": "Feature", "properties": { "name": null, "name:en": null, "waterway": "waterfall", "covered": null, "width": null, "depth": null, "layer": null, "blockage": null, "tunnel": null, "natural": null, "water": null, "source": null, "name:he": null, "osm_id": 5635184323, "osm_type": "nodes" }, "geometry": { "type": "Point", "coordinates": [ 34.9026255, 30.7271759 ] } },
{ "type": "Feature", "properties": { "name": null, "name:en": null, "waterway": "waterfall", "covered": null, "width": null, "depth": null, "layer": null, "blockage": null, "tunnel": null, "natural": null, "water": null, "source": null, "name:he": null, "osm_id": 2306777823, "osm_type": "nodes" }, "geometry": { "type": "Point", "coordinates": [ 34.8505879, 30.2881397 ] } },
{ "type": "Feature", "properties": { "name": null, "name:en": null, "waterway": "waterfall", "covered": null, "width": null, "depth": null, "layer": null, "blockage": null, "tunnel": null, "natural": null, "water": null, "source": null, "name:he": null, "osm_id": 4547601091, "osm_type": "nodes" }, "geometry": { "type": "Point", "coordinates": [ 34.7399267, 30.3026766 ] } },
{ "type": "Feature", "properties": { "name": null, "name:en": null, "waterway": "waterfall", "covered": null, "width": null, "depth": null, "layer": null, "blockage": null, "tunnel": null, "natural": null, "water": null, "source": null, "name:he": null, "osm_id": 4547601383, "osm_type": "nodes" }, "geometry": { "type": "Point", "coordinates": [ 34.7247982, 30.2847007 ] } },
{ "type": "Feature", "properties": { "name": null, "name:en": null, "waterway": "waterfall", "covered": null, "width": null, "depth": null, "layer": null, "blockage": null, "tunnel": null, "natural": null, "water": null, "source": null, "name:he": null, "osm_id": 4547601493, "osm_type": "nodes" }, "geometry": { "type": "Point", "coordinates": [ 34.7376326, 30.2934535 ] } },
{ "type": "Feature", "properties": { "name": null, "name:en": null, "waterway": "waterfall", "covered": null, "width": null, "depth": null, "layer": null, "blockage": null, "tunnel": null, "natural": null, "water": null, "source": null, "name:he": null, "osm_id": 11093338059, "osm_type": "nodes" }, "geometry": { "type": "Point", "coordinates": [ 34.9061185, 30.3148005 ] } },
{ "type": "Feature", "properties": { "name": "שלושה מפלונים", "name:en": null, "waterway": "waterfall", "covered": null, "width": null, "depth": null, "layer": null, "blockage": null, "tunnel": null, "natural": null, "water": null, "source": null, "name:he": "שני מפלונים", "osm_id": 9521411077, "osm_type": "nodes" }, "geometry": { "type": "Point", "coordinates": [ 34.9013994, 30.2436756 ] } },
{ "type": "Feature", "properties": { "name": "מפל סירה", "name:en": null, "waterway": "waterfall", "covered": null, "width": null, "depth": null, "layer": null, "blockage": null, "tunnel": null, "natural": null, "water": null, "source": null, "name:he": "מפל סירה", "osm_id": 10204074618, "osm_type": "nodes" }, "geometry": { "type": "Point", "coordinates": [ 34.9468392, 30.3089287 ] } },
{ "type": "Feature", "properties": { "name": null, "name:en": null, "waterway": "dam", "covered": null, "width": null, "depth": null, "layer": null, "blockage": null, "tunnel": null, "natural": null, "water": null, "source": null, "name:he": null, "osm_id": 1877310982, "osm_type": "nodes" }, "geometry": { "type": "Point", "coordinates": [ 35.2577523, 31.7441781 ] } },
{ "type": "Feature", "properties": { "name": null, "name:en": null, "waterway": "waterfall", "covered": null, "width": null, "depth": null, "layer": null, "blockage": null, "tunnel": null, "natural": null, "water": null, "source": null, "name:he": null, "osm_id": 6164562519, "osm_type": "nodes" }, "geometry": { "type": "Point", "coordinates": [ 34.9737522, 29.6928756 ] } },
{ "type": "Feature", "properties": { "name": "מפל גמלא", "name:en": "Gamla Waterfall", "waterway": "waterfall", "covered": null, "width": null, "depth": null, "layer": null, "blockage": null, "tunnel": null, "natural": null, "water": null, "source": null, "name:he": "מפל גמלא", "osm_id": 4200352577, "osm_type": "nodes" }, "geometry": { "type": "Point", "coordinates": [ 35.7480836, 32.915371 ] } },
{ "type": "Feature", "properties": { "name": "המפל הלבן", "name:en": "The White waterfall", "waterway": "waterfall", "covered": null, "width": null, "depth": null, "layer": null, "blockage": null, "tunnel": null, "natural": null, "water": null, "source": null, "name:he": "המפל הלבן", "osm_id": 2905591856, "osm_type": "nodes" }, "geometry": { "type": "Point", "coordinates": [ 35.7471766, 32.8219827 ] } },
{ "type": "Feature", "properties": { "name": null, "name:en": null, "waterway": "waterfall", "covered": null, "width": null, "depth": null, "layer": null, "blockage": null, "tunnel": null, "natural": null, "water": null, "source": null, "name:he": null, "osm_id": 4151613830, "osm_type": "nodes" }, "geometry": { "type": "Point", "coordinates": [ 34.6774194, 30.8613974 ] } },
{ "type": "Feature", "properties": { "name": null, "name:en": null, "waterway": "waterfall", "covered": null, "width": null, "depth": null, "layer": null, "blockage": null, "tunnel": null, "natural": null, "water": null, "source": null, "name:he": null, "osm_id": 1766710312, "osm_type": "nodes" }, "geometry": { "type": "Point", "coordinates": [ 34.6670837, 30.8629054 ] } },
{ "type": "Feature", "properties": { "name": "وادي نهر اليرموك", "name:en": "Wadi Nahr al Yarmouk", "waterway": "stream", "covered": null, "width": null, "depth": null, "layer": null, "blockage": null, "tunnel": null, "natural": null, "water": null, "source": null, "name:he": null, "osm_id": 798853401, "osm_type": "nodes" }, "geometry": { "type": "Point", "coordinates": [ 35.5675217, 32.6322245 ] } },
{ "type": "Feature", "properties": { "name": null, "name:en": null, "waterway": "waterfall", "covered": null, "width": null, "depth": null, "layer": null, "blockage": null, "tunnel": null, "natural": null, "water": null, "source": null, "name:he": null, "osm_id": 1006578949, "osm_type": "nodes" }, "geometry": { "type": "Point", "coordinates": [ 35.4958534, 32.5072026 ] } },
{ "type": "Feature", "properties": { "name": null, "name:en": null, "waterway": "waterfall", "covered": null, "width": null, "depth": null, "layer": null, "blockage": null, "tunnel": null, "natural": null, "water": null, "source": null, "name:he": null, "osm_id": 4243482748, "osm_type": "nodes" }, "geometry": { "type": "Point", "coordinates": [ 35.4954992, 32.507142 ] } },
{ "type": "Feature", "properties": { "name": null, "name:en": null, "waterway": "waterfall", "covered": null, "width": null, "depth": null, "layer": null, "blockage": null, "tunnel": null, "natural": null, "water": null, "source": null, "name:he": null, "osm_id": 11576032463, "osm_type": "nodes" }, "geometry": { "type": "Point", "coordinates": [ 35.5202107, 32.5061038 ] } },
{ "type": "Feature", "properties": { "name": null, "name:en": null, "waterway": "waterfall", "covered": null, "width": null, "depth": null, "layer": null, "blockage": null, "tunnel": null, "natural": null, "water": null, "source": null, "name:he": null, "osm_id": 11576032464, "osm_type": "nodes" }, "geometry": { "type": "Point", "coordinates": [ 35.5204179, 32.506046 ] } },
{ "type": "Feature", "properties": { "name": "מפל פרוד התחתון", "name:en": null, "waterway": "waterfall", "covered": null, "width": null, "depth": null, "layer": null, "blockage": null, "tunnel": null, "natural": null, "water": null, "source": null, "name:he": "מפל פרוד התחתון", "osm_id": 11601083369, "osm_type": "nodes" }, "geometry": { "type": "Point", "coordinates": [ 35.4268286, 32.932949 ] } },
{ "type": "Feature", "properties": { "name": "מפלון", "name:en": null, "waterway": "waterfall", "covered": null, "width": null, "depth": null, "layer": null, "blockage": null, "tunnel": null, "natural": null, "water": null, "source": null, "name:he": "מפלון", "osm_id": 6899165888, "osm_type": "nodes" }, "geometry": { "type": "Point", "coordinates": [ 34.9047487, 32.1246987 ] } },
{ "type": "Feature", "properties": { "name": null, "name:en": null, "waterway": "waterfall", "covered": null, "width": null, "depth": null, "layer": null, "blockage": null, "tunnel": null, "natural": null, "water": null, "source": null, "name:he": null, "osm_id": 5471239521, "osm_type": "nodes" }, "geometry": { "type": "Point", "coordinates": [ 35.2038416, 31.7799799 ] } },
{ "type": "Feature", "properties": { "name": null, "name:en": null, "waterway": "waterfall", "covered": null, "width": null, "depth": null, "layer": null, "blockage": null, "tunnel": null, "natural": null, "water": null, "source": null, "name:he": null, "osm_id": 8566769948, "osm_type": "nodes" }, "geometry": { "type": "Point", "coordinates": [ 35.2002176, 31.76798 ] } },
{ "type": "Feature", "properties": { "name": "Carmisan Stream", "name:en": "Carmisan Stream", "waterway": "stream", "covered": null, "width": null, "depth": null, "layer": null, "blockage": null, "tunnel": null, "natural": null, "water": null, "source": null, "name:he": null, "osm_id": 431626566, "osm_type": "nodes" }, "geometry": { "type": "Point", "coordinates": [ 35.1749172, 31.7237921 ] } },
{ "type": "Feature", "properties": { "name": null, "name:en": null, "waterway": "water_point", "covered": null, "width": null, "depth": null, "layer": null, "blockage": null, "tunnel": null, "natural": null, "water": null, "source": null, "name:he": null, "osm_id": 8553769123, "osm_type": "nodes" }, "geometry": { "type": "Point", "coordinates": [ 35.1265095, 31.7986475 ] } },
{ "type": "Feature", "properties": { "name": null, "name:en": null, "waterway": "waterfall", "covered": null, "width": null, "depth": null, "layer": null, "blockage": null, "tunnel": null, "natural": null, "water": null, "source": null, "name:he": null, "osm_id": 5520560850, "osm_type": "nodes" }, "geometry": { "type": "Point", "coordinates": [ 35.279281, 31.3368901 ] } },
{ "type": "Feature", "properties": { "name": null, "name:en": null, "waterway": "waterfall", "covered": null, "width": null, "depth": null, "layer": null, "blockage": null, "tunnel": null, "natural": null, "water": null, "source": null, "name:he": null, "osm_id": 1922317990, "osm_type": "nodes" }, "geometry": { "type": "Point", "coordinates": [ 35.3372085, 31.3478171 ] } },
{ "type": "Feature", "properties": { "name": null, "name:en": null, "waterway": "waterfall", "covered": null, "width": null, "depth": null, "layer": null, "blockage": null, "tunnel": null, "natural": null, "water": null, "source": null, "name:he": null, "osm_id": 3101969325, "osm_type": "nodes" }, "geometry": { "type": "Point", "coordinates": [ 35.3334242, 31.3057246 ] } },
{ "type": "Feature", "properties": { "name": null, "name:en": null, "waterway": "waterfall", "covered": null, "width": null, "depth": null, "layer": null, "blockage": null, "tunnel": null, "natural": null, "water": null, "source": null, "name:he": null, "osm_id": 1108739207, "osm_type": "nodes" }, "geometry": { "type": "Point", "coordinates": [ 35.3542343, 31.1975173 ] } },
{ "type": "Feature", "properties": { "name": null, "name:en": null, "waterway": "waterfall", "covered": null, "width": null, "depth": null, "layer": null, "blockage": null, "tunnel": null, "natural": null, "water": null, "source": null, "name:he": null, "osm_id": 3285478736, "osm_type": "nodes" }, "geometry": { "type": "Point", "coordinates": [ 35.0454478, 30.6336877 ] } },
{ "type": "Feature", "properties": { "name": null, "name:en": null, "waterway": "waterfall", "covered": null, "width": null, "depth": null, "layer": null, "blockage": null, "tunnel": null, "natural": null, "water": null, "source": null, "name:he": null, "osm_id": 3285478914, "osm_type": "nodes" }, "geometry": { "type": "Point", "coordinates": [ 35.0465849, 30.6361525 ] } },
{ "type": "Feature", "properties": { "name": null, "name:en": null, "waterway": "waterfall", "covered": null, "width": null, "depth": null, "layer": null, "blockage": null, "tunnel": null, "natural": null, "water": null, "source": null, "name:he": null, "osm_id": 1922318492, "osm_type": "nodes" }, "geometry": { "type": "Point", "coordinates": [ 35.345896, 31.4282419 ] } },
{ "type": "Feature", "properties": { "name": null, "name:en": null, "waterway": "waterfall", "covered": null, "width": null, "depth": null, "layer": null, "blockage": null, "tunnel": null, "natural": null, "water": null, "source": null, "name:he": null, "osm_id": 4373250580, "osm_type": "nodes" }, "geometry": { "type": "Point", "coordinates": [ 35.3457621, 31.4005227 ] } },
{ "type": "Feature", "properties": { "name": "מפל חבר", "name:en": "Hever Waterfall", "waterway": "waterfall", "covered": null, "width": null, "depth": null, "layer": null, "blockage": null, "tunnel": null, "natural": null, "water": null, "source": null, "name:he": "מפל חבר", "osm_id": 1922318523, "osm_type": "nodes" }, "geometry": { "type": "Point", "coordinates": [ 35.3327607, 31.4334065 ] } },
{ "type": "Feature", "properties": { "name": null, "name:en": null, "waterway": "waterfall", "covered": null, "width": null, "depth": null, "layer": null, "blockage": null, "tunnel": null, "natural": null, "water": null, "source": null, "name:he": null, "osm_id": 1571940576, "osm_type": "nodes" }, "geometry": { "type": "Point", "coordinates": [ 35.3428768, 31.4681011 ] } },
{ "type": "Feature", "properties": { "name": null, "name:en": null, "waterway": "waterfall", "covered": null, "width": null, "depth": null, "layer": null, "blockage": null, "tunnel": null, "natural": null, "water": null, "source": null, "name:he": null, "osm_id": 6905399151, "osm_type": "nodes" }, "geometry": { "type": "Point", "coordinates": [ 35.3892079, 31.4709865 ] } },
{ "type": "Feature", "properties": { "name": "מפל דוד", "name:en": "David Waterfall", "waterway": "waterfall", "covered": null, "width": null, "depth": null, "layer": null, "blockage": null, "tunnel": null, "natural": null, "water": null, "source": null, "name:he": "מפל דוד", "osm_id": 366498752, "osm_type": "nodes" }, "geometry": { "type": "Point", "coordinates": [ 35.3887392, 31.4710507 ] } },
{ "type": "Feature", "properties": { "name": null, "name:en": null, "waterway": "waterfall", "covered": null, "width": null, "depth": null, "layer": null, "blockage": null, "tunnel": null, "natural": null, "water": null, "source": null, "name:he": null, "osm_id": 5812672840, "osm_type": "nodes" }, "geometry": { "type": "Point", "coordinates": [ 35.3844164, 31.4716174 ] } },
{ "type": "Feature", "properties": { "name": "המפל התחתון", "name:en": "Lower Waterfall", "waterway": "waterfall", "covered": null, "width": null, "depth": null, "layer": null, "blockage": null, "tunnel": null, "natural": null, "water": null, "source": null, "name:he": "המפל התחתון", "osm_id": 515041900, "osm_type": "nodes" }, "geometry": { "type": "Point", "coordinates": [ 35.3920164, 31.4696795 ] } },
{ "type": "Feature", "properties": { "name": null, "name:en": null, "waterway": "waterfall", "covered": null, "width": null, "depth": null, "layer": null, "blockage": null, "tunnel": null, "natural": null, "water": null, "source": null, "name:he": null, "osm_id": 1367542698, "osm_type": "nodes" }, "geometry": { "type": "Point", "coordinates": [ 34.8010976, 31.2331276 ] } },
{ "type": "Feature", "properties": { "name": null, "name:en": null, "waterway": "waterfall", "covered": null, "width": null, "depth": null, "layer": null, "blockage": null, "tunnel": null, "natural": null, "water": null, "source": null, "name:he": null, "osm_id": 10152574999, "osm_type": "nodes" }, "geometry": { "type": "Point", "coordinates": [ 35.3683244, 31.4134683 ] } },
{ "type": "Feature", "properties": { "name": null, "name:en": null, "waterway": "waterfall", "covered": null, "width": null, "depth": null, "layer": null, "blockage": null, "tunnel": null, "natural": null, "water": null, "source": null, "name:he": null, "osm_id": 5361462414, "osm_type": "nodes" }, "geometry": { "type": "Point", "coordinates": [ 35.3558702, 31.4006657 ] } },
{ "type": "Feature", "properties": { "name": null, "name:en": null, "waterway": "waterfall", "covered": null, "width": null, "depth": null, "layer": null, "blockage": null, "tunnel": null, "natural": null, "water": null, "source": null, "name:he": null, "osm_id": 9565661746, "osm_type": "nodes" }, "geometry": { "type": "Point", "coordinates": [ 35.1250946, 30.6177575 ] } },
{ "type": "Feature", "properties": { "name": null, "name:en": null, "waterway": "waterfall", "covered": null, "width": null, "depth": null, "layer": null, "blockage": null, "tunnel": null, "natural": null, "water": null, "source": null, "name:he": null, "osm_id": 9565661944, "osm_type": "nodes" }, "geometry": { "type": "Point", "coordinates": [ 35.1234959, 30.6205144 ] } },
{ "type": "Feature", "properties": { "name": null, "name:en": null, "waterway": null, "covered": null, "width": null, "depth": null, "layer": null, "blockage": null, "tunnel": null, "natural": null, "water": "reservoir", "source": "GPS", "name:he": null, "osm_id": 2931871606, "osm_type": "nodes" }, "geometry": { "type": "Point", "coordinates": [ 34.9675362, 32.6322271 ] } },
{ "type": "Feature", "properties": { "name": "סכר נווה ירק (בית לאה)", "name:en": "Neve Yarak Dam (Beit Leah)", "waterway": "weir", "covered": null, "width": null, "depth": null, "layer": null, "blockage": null, "tunnel": null, "natural": "water", "water": "pond", "source": null, "name:he": "סכר נווה ירק (בית לאה)", "osm_id": 1933353082, "osm_type": "nodes" }, "geometry": { "type": "Point", "coordinates": [ 34.9111769, 32.1269595 ] } },
{ "type": "Feature", "properties": { "name": null, "name:en": null, "waterway": "waterfall", "covered": null, "width": null, "depth": null, "layer": null, "blockage": null, "tunnel": null, "natural": null, "water": null, "source": null, "name:he": null, "osm_id": 5471011146, "osm_type": "nodes" }, "geometry": { "type": "Point", "coordinates": [ 35.3596969, 31.2857021 ] } },
{ "type": "Feature", "properties": { "name": "מפלון", "name:en": "Waterfall", "waterway": "waterfall", "covered": null, "width": null, "depth": null, "layer": null, "blockage": null, "tunnel": null, "natural": null, "water": null, "source": null, "name:he": "מפלון", "osm_id": 5143194921, "osm_type": "nodes" }, "geometry": { "type": "Point", "coordinates": [ 35.3760757, 31.4561081 ] } },
{ "type": "Feature", "properties": { "name": "מפלי רז", "name:en": "Raz Falls", "waterway": "waterfall", "covered": null, "width": null, "depth": null, "layer": null, "blockage": null, "tunnel": null, "natural": null, "water": null, "source": null, "name:he": "מפלי רז", "osm_id": 4124582988, "osm_type": "nodes" }, "geometry": { "type": "Point", "coordinates": [ 35.0660449, 32.5643575 ] } },
{ "type": "Feature", "properties": { "name": "מפל בוקק", "name:en": "Bokek Waterfall", "waterway": "waterfall", "covered": null, "width": null, "depth": null, "layer": null, "blockage": null, "tunnel": null, "natural": null, "water": null, "source": null, "name:he": "מפל בוקק", "osm_id": 7079379112, "osm_type": "nodes" }, "geometry": { "type": "Point", "coordinates": [ 35.3406651, 31.194884 ] } },
{ "type": "Feature", "properties": { "name": "סכר כנף לבנה", "name:en": "dam", "waterway": "dam", "covered": null, "width": null, "depth": null, "layer": null, "blockage": null, "tunnel": null, "natural": null, "water": null, "source": null, "name:he": null, "osm_id": 11771668954, "osm_type": "nodes" }, "geometry": { "type": "Point", "coordinates": [ 34.9047796, 32.1246985 ] } },
{ "type": "Feature", "properties": { "name": "ביר אשרקי", "name:en": null, "waterway": null, "covered": null, "width": null, "depth": null, "layer": null, "blockage": null, "tunnel": null, "natural": "water", "water": "reservoir", "source": null, "name:he": "ביר אשרקי", "osm_id": 5552770224, "osm_type": "nodes" }, "geometry": { "type": "Point", "coordinates": [ 35.2498038, 31.4097785 ] } },
{ "type": "Feature", "properties": { "name": "Beit Hanoun Pumping Station", "name:en": null, "waterway": "lock_gate", "covered": null, "width": null, "depth": null, "layer": null, "blockage": null, "tunnel": null, "natural": null, "water": null, "source": null, "name:he": null, "osm_id": 503997963, "osm_type": "nodes" }, "geometry": { "type": "Point", "coordinates": [ 34.5334131, 31.5450181 ] } },
{ "type": "Feature", "properties": { "name": "מפל נצרת תחתון", "name:en": "Nazareth Waterfall", "waterway": "waterfall", "covered": null, "width": null, "depth": null, "layer": null, "blockage": null, "tunnel": null, "natural": null, "water": null, "source": null, "name:he": "מפל נצרת תחתון", "osm_id": 6343264485, "osm_type": "nodes" }, "geometry": { "type": "Point", "coordinates": [ 35.2956575, 32.677943 ] } },
{ "type": "Feature", "properties": { "name": "מפל נצרת עליון", "name:en": null, "waterway": "waterfall", "covered": null, "width": null, "depth": null, "layer": null, "blockage": null, "tunnel": null, "natural": null, "water": null, "source": null, "name:he": "מפל נצרת עליון", "osm_id": 11449084052, "osm_type": "nodes" }, "geometry": { "type": "Point", "coordinates": [ 35.2957161, 32.6787376 ] } },
{ "type": "Feature", "properties": { "name": null, "name:en": null, "waterway": "weir", "covered": null, "width": null, "depth": null, "layer": null, "blockage": null, "tunnel": null, "natural": null, "water": null, "source": null, "name:he": null, "osm_id": 9307558794, "osm_type": "nodes" }, "geometry": { "type": "Point", "coordinates": [ 34.7798054, 32.0822977 ] } },
{ "type": "Feature", "properties": { "name": null, "name:en": null, "waterway": "weir", "covered": null, "width": null, "depth": null, "layer": null, "blockage": null, "tunnel": null, "natural": null, "water": null, "source": null, "name:he": null, "osm_id": 9307558795, "osm_type": "nodes" }, "geometry": { "type": "Point", "coordinates": [ 34.7797064, 32.0822964 ] } },
{ "type": "Feature", "properties": { "name": null, "name:en": null, "waterway": "weir", "covered": null, "width": null, "depth": null, "layer": null, "blockage": null, "tunnel": null, "natural": null, "water": null, "source": null, "name:he": null, "osm_id": 9307558796, "osm_type": "nodes" }, "geometry": { "type": "Point", "coordinates": [ 34.7796073, 32.0822951 ] } },
{ "type": "Feature", "properties": { "name": null, "name:en": null, "waterway": "weir", "covered": null, "width": null, "depth": null, "layer": null, "blockage": null, "tunnel": null, "natural": null, "water": null, "source": null, "name:he": null, "osm_id": 9307558797, "osm_type": "nodes" }, "geometry": { "type": "Point", "coordinates": [ 34.779505, 32.0822938 ] } },
{ "type": "Feature", "properties": { "name": null, "name:en": null, "waterway": "weir", "covered": null, "width": null, "depth": null, "layer": null, "blockage": null, "tunnel": null, "natural": null, "water": null, "source": null, "name:he": null, "osm_id": 9307558798, "osm_type": "nodes" }, "geometry": { "type": "Point", "coordinates": [ 34.7794028, 32.0822925 ] } },
{ "type": "Feature", "properties": { "name": null, "name:en": null, "waterway": "weir", "covered": null, "width": null, "depth": null, "layer": null, "blockage": null, "tunnel": null, "natural": null, "water": null, "source": null, "name:he": null, "osm_id": 9307558799, "osm_type": "nodes" }, "geometry": { "type": "Point", "coordinates": [ 34.7792949, 32.0822911 ] } },
{ "type": "Feature", "properties": { "name": null, "name:en": null, "waterway": "weir", "covered": null, "width": null, "depth": null, "layer": null, "blockage": null, "tunnel": null, "natural": null, "water": null, "source": null, "name:he": null, "osm_id": 9307558800, "osm_type": "nodes" }, "geometry": { "type": "Point", "coordinates": [ 34.7791957, 32.0822898 ] } },
{ "type": "Feature", "properties": { "name": null, "name:en": null, "waterway": "weir", "covered": null, "width": null, "depth": null, "layer": null, "blockage": null, "tunnel": null, "natural": null, "water": null, "source": null, "name:he": null, "osm_id": 9307558801, "osm_type": "nodes" }, "geometry": { "type": "Point", "coordinates": [ 34.779113, 32.0822887 ] } },
{ "type": "Feature", "properties": { "name": null, "name:en": null, "waterway": "waterfall", "covered": null, "width": null, "depth": null, "layer": null, "blockage": null, "tunnel": null, "natural": null, "water": null, "source": null, "name:he": null, "osm_id": 1501968238, "osm_type": "nodes" }, "geometry": { "type": "Point", "coordinates": [ 35.2779655, 31.3376313 ] } },
{ "type": "Feature", "properties": { "name": null, "name:en": null, "waterway": "waterfall", "covered": null, "width": null, "depth": null, "layer": null, "blockage": null, "tunnel": null, "natural": null, "water": null, "source": null, "name:he": null, "osm_id": 4364588544, "osm_type": "nodes" }, "geometry": { "type": "Point", "coordinates": [ 35.2775593, 31.3375577 ] } },
{ "type": "Feature", "properties": { "name": null, "name:en": null, "waterway": "waterfall", "covered": null, "width": null, "depth": null, "layer": null, "blockage": null, "tunnel": null, "natural": null, "water": null, "source": null, "name:he": null, "osm_id": 12647831487, "osm_type": "nodes" }, "geometry": { "type": "Point", "coordinates": [ 35.2772797, 31.337551 ] } },
{ "type": "Feature", "properties": { "name": null, "name:en": null, "waterway": "waterfall", "covered": null, "width": null, "depth": null, "layer": null, "blockage": null, "tunnel": null, "natural": null, "water": null, "source": null, "name:he": null, "osm_id": 7200791885, "osm_type": "nodes" }, "geometry": { "type": "Point", "coordinates": [ 34.9557421, 30.5827542 ] } },
{ "type": "Feature", "properties": { "name": "מפל חמר", "name:en": null, "waterway": "waterfall", "covered": null, "width": null, "depth": null, "layer": null, "blockage": null, "tunnel": null, "natural": null, "water": null, "source": null, "name:he": "מפל חמר", "osm_id": 11705825053, "osm_type": "nodes" }, "geometry": { "type": "Point", "coordinates": [ 35.2674403, 31.1383102 ] } },
{ "type": "Feature", "properties": { "name": "מפל בנחל רחף", "name:en": null, "waterway": "waterfall", "covered": null, "width": null, "depth": null, "layer": null, "blockage": null, "tunnel": null, "natural": "cliff", "water": null, "source": null, "name:he": "מפל בנחל רחף", "osm_id": 4551007760, "osm_type": "nodes" }, "geometry": { "type": "Point", "coordinates": [ 35.3019524, 31.2833977 ] } },
{ "type": "Feature", "properties": { "name": null, "name:en": null, "waterway": null, "covered": null, "width": null, "depth": null, "layer": null, "blockage": null, "tunnel": null, "natural": "water", "water": "pond", "source": null, "name:he": null, "osm_id": 6173567929, "osm_type": "nodes" }, "geometry": { "type": "Point", "coordinates": [ 35.0035288, 31.8386945 ] } },
{ "type": "Feature", "properties": { "name": null, "name:en": null, "waterway": "waterfall", "covered": null, "width": null, "depth": null, "layer": null, "blockage": null, "tunnel": null, "natural": null, "water": null, "source": null, "name:he": null, "osm_id": 5024408402, "osm_type": "nodes" }, "geometry": { "type": "Point", "coordinates": [ 35.2339811, 30.9799356 ] } },
{ "type": "Feature", "properties": { "name": null, "name:en": null, "waterway": "waterfall", "covered": null, "width": null, "depth": null, "layer": null, "blockage": null, "tunnel": null, "natural": null, "water": null, "source": null, "name:he": null, "osm_id": 5024408444, "osm_type": "nodes" }, "geometry": { "type": "Point", "coordinates": [ 35.2452534, 30.9762367 ] } },
{ "type": "Feature", "properties": { "name": null, "name:en": null, "waterway": "waterfall", "covered": null, "width": null, "depth": null, "layer": null, "blockage": null, "tunnel": null, "natural": null, "water": null, "source": null, "name:he": null, "osm_id": 3308311227, "osm_type": "nodes" }, "geometry": { "type": "Point", "coordinates": [ 35.3221909, 31.3586543 ] } },
{ "type": "Feature", "properties": { "name": "קייקי מעין-הגושרים יציאת חירום מספר 4", "name:en": "Emergency Exit Number 4", "waterway": null, "covered": null, "width": null, "depth": null, "layer": null, "blockage": null, "tunnel": null, "natural": "water", "water": "stream_pool", "source": null, "name:he": "קייקי מעין-הגושרים יציאת חירום מספר 4", "osm_id": 5139810848, "osm_type": "nodes" }, "geometry": { "type": "Point", "coordinates": [ 35.6111292, 33.2144088 ] } },
{ "type": "Feature", "properties": { "name": "סכר", "name:en": null, "waterway": "dam", "covered": null, "width": null, "depth": null, "layer": null, "blockage": null, "tunnel": null, "natural": null, "water": null, "source": null, "name:he": null, "osm_id": 12695934319, "osm_type": "nodes" }, "geometry": { "type": "Point", "coordinates": [ 35.1978806, 30.9053233 ] } },
{ "type": "Feature", "properties": { "name": null, "name:en": null, "waterway": "waterfall", "covered": null, "width": null, "depth": null, "layer": null, "blockage": null, "tunnel": null, "natural": null, "water": null, "source": null, "name:he": null, "osm_id": 515041917, "osm_type": "nodes" }, "geometry": { "type": "Point", "coordinates": [ 35.3901287, 31.4705326 ] } },
{ "type": "Feature", "properties": { "name": "Neot Hakikar Gate", "name:en": null, "waterway": "lock_gate", "covered": null, "width": null, "depth": null, "layer": null, "blockage": null, "tunnel": null, "natural": null, "water": null, "source": null, "name:he": null, "osm_id": 7932182749, "osm_type": "nodes" }, "geometry": { "type": "Point", "coordinates": [ 35.3749562, 30.9357948 ] } },
{ "type": "Feature", "properties": { "name": null, "name:en": null, "waterway": "waterfall", "covered": null, "width": null, "depth": null, "layer": null, "blockage": null, "tunnel": null, "natural": null, "water": null, "source": null, "name:he": null, "osm_id": 1579323594, "osm_type": "nodes" }, "geometry": { "type": "Point", "coordinates": [ 35.0124211, 32.3256385 ] } },
{ "type": "Feature", "properties": { "name": "מפל חגור", "name:en": null, "waterway": "waterfall", "covered": null, "width": null, "depth": null, "layer": null, "blockage": null, "tunnel": null, "natural": null, "water": null, "source": null, "name:he": "מפל חגור", "osm_id": 9541918117, "osm_type": "nodes" }, "geometry": { "type": "Point", "coordinates": [ 35.009852, 30.762962 ] } },
{ "type": "Feature", "properties": { "name": null, "name:en": null, "waterway": "fuel", "covered": null, "width": null, "depth": null, "layer": null, "blockage": null, "tunnel": null, "natural": null, "water": null, "source": null, "name:he": null, "osm_id": 1899871124, "osm_type": "nodes" }, "geometry": { "type": "Point", "coordinates": [ 34.7674017, 32.0871966 ] } },
{ "type": "Feature", "properties": { "name": null, "name:en": null, "waterway": null, "covered": null, "width": null, "depth": null, "layer": null, "blockage": null, "tunnel": null, "natural": "water", "water": "reservoir", "source": null, "name:he": null, "osm_id": 8107667617, "osm_type": "nodes" }, "geometry": { "type": "Point", "coordinates": [ 34.7429671, 31.2626786 ] } },
{ "type": "Feature", "properties": { "name": null, "name:en": null, "waterway": "weir", "covered": null, "width": null, "depth": null, "layer": null, "blockage": null, "tunnel": null, "natural": null, "water": null, "source": null, "name:he": null, "osm_id": 8551116095, "osm_type": "nodes" }, "geometry": { "type": "Point", "coordinates": [ 34.8042579, 32.0936822 ] } },
{ "type": "Feature", "properties": { "name": null, "name:en": null, "waterway": "weir", "covered": null, "width": null, "depth": null, "layer": null, "blockage": null, "tunnel": null, "natural": null, "water": null, "source": null, "name:he": null, "osm_id": 9588713133, "osm_type": "nodes" }, "geometry": { "type": "Point", "coordinates": [ 34.8049271, 32.0951212 ] } },
{ "type": "Feature", "properties": { "name": null, "name:en": null, "waterway": "waterfall", "covered": null, "width": null, "depth": null, "layer": null, "blockage": null, "tunnel": null, "natural": null, "water": null, "source": null, "name:he": null, "osm_id": 10778112291, "osm_type": "nodes" }, "geometry": { "type": "Point", "coordinates": [ 35.5514959, 33.116879 ] } },
{ "type": "Feature", "properties": { "name": null, "name:en": null, "waterway": "waterfall", "covered": null, "width": null, "depth": null, "layer": null, "blockage": null, "tunnel": null, "natural": null, "water": null, "source": null, "name:he": null, "osm_id": 11223079437, "osm_type": "nodes" }, "geometry": { "type": "Point", "coordinates": [ 34.8788703, 32.1251199 ] } },
{ "type": "Feature", "properties": { "name": "מפל מיצר", "name:en": "Metsar waterfall", "waterway": "waterfall", "covered": null, "width": null, "depth": null, "layer": null, "blockage": null, "tunnel": null, "natural": null, "water": null, "source": null, "name:he": "מפל מיצר", "osm_id": 1735591733, "osm_type": "nodes" }, "geometry": { "type": "Point", "coordinates": [ 35.695816, 32.7348137 ] } },
{ "type": "Feature", "properties": { "name": "Abudees water Well", "name:en": null, "waterway": null, "covered": null, "width": null, "depth": null, "layer": null, "blockage": null, "tunnel": null, "natural": "water", "water": "reservoir", "source": null, "name:he": null, "osm_id": 432295960, "osm_type": "nodes" }, "geometry": { "type": "Point", "coordinates": [ 35.263414, 31.7618863 ] } },
{ "type": "Feature", "properties": { "name": "Biet Sahour Reservoir", "name:en": "Biet Sahour Reservoir", "waterway": null, "covered": null, "width": null, "depth": null, "layer": null, "blockage": null, "tunnel": null, "natural": "water", "water": "reservoir", "source": null, "name:he": null, "osm_id": 431635661, "osm_type": "nodes" }, "geometry": { "type": "Point", "coordinates": [ 35.2387694, 31.6993909 ] } },
{ "type": "Feature", "properties": { "name": "בריכת צאנן", "name:en": null, "waterway": null, "covered": null, "width": null, "depth": null, "layer": null, "blockage": null, "tunnel": null, "natural": "water", "water": "pond", "source": "GPS", "name:he": "בריכת צאנן", "osm_id": 2803182787, "osm_type": "nodes" }, "geometry": { "type": "Point", "coordinates": [ 34.9588382, 31.6042168 ] } },
{ "type": "Feature", "properties": { "name": "אגמון חפר", "name:en": "Hefer Pond", "waterway": null, "covered": null, "width": null, "depth": null, "layer": null, "blockage": null, "tunnel": null, "natural": "water", "water": "pond", "source": null, "name:he": "אגמון חפר", "osm_id": 5742623721, "osm_type": "nodes" }, "geometry": { "type": "Point", "coordinates": [ 34.935749, 32.3729024 ] } },
{ "type": "Feature", "properties": { "name": "מפל קצרין", "name:en": null, "waterway": "waterfall", "covered": null, "width": null, "depth": null, "layer": null, "blockage": null, "tunnel": null, "natural": null, "water": null, "source": null, "name:he": "מפל קצרין", "osm_id": 11447547568, "osm_type": "nodes" }, "geometry": { "type": "Point", "coordinates": [ 35.6957728, 32.9864466 ] } },
{ "type": "Feature", "properties": { "name": "מפל פרע", "name:en": "Pera Waterfall", "waterway": "waterfall", "covered": null, "width": null, "depth": null, "layer": null, "blockage": null, "tunnel": null, "natural": null, "water": null, "source": null, "name:he": "מפל פרע", "osm_id": 1518072729, "osm_type": "nodes" }, "geometry": { "type": "Point", "coordinates": [ 35.6786801, 33.2344129 ] } },
{ "type": "Feature", "properties": { "name": null, "name:en": null, "waterway": null, "covered": null, "width": null, "depth": null, "layer": null, "blockage": null, "tunnel": null, "natural": "wetland", "water": null, "source": null, "name:he": null, "osm_id": 12098050070, "osm_type": "nodes" }, "geometry": { "type": "Point", "coordinates": [ 34.8613729, 31.2376413 ] } },
{ "type": "Feature", "properties": { "name": null, "name:en": null, "waterway": null, "covered": null, "width": null, "depth": null, "layer": null, "blockage": null, "tunnel": null, "natural": "wetland", "water": null, "source": null, "name:he": null, "osm_id": 12098050071, "osm_type": "nodes" }, "geometry": { "type": "Point", "coordinates": [ 34.8614346, 31.238105 ] } },
{ "type": "Feature", "properties": { "name": null, "name:en": null, "waterway": null, "covered": null, "width": null, "depth": null, "layer": null, "blockage": null, "tunnel": null, "natural": "wetland", "water": null, "source": null, "name:he": null, "osm_id": 12098050069, "osm_type": "nodes" }, "geometry": { "type": "Point", "coordinates": [ 34.8614777, 31.2376044 ] } },
{ "type": "Feature", "properties": { "name": null, "name:en": null, "waterway": "weir", "covered": null, "width": null, "depth": null, "layer": null, "blockage": null, "tunnel": null, "natural": null, "water": null, "source": null, "name:he": null, "osm_id": 9039348661, "osm_type": "nodes" }, "geometry": { "type": "Point", "coordinates": [ 34.8993909, 32.1242263 ] } },
{ "type": "Feature", "properties": { "name": null, "name:en": null, "waterway": "waterfall", "covered": null, "width": null, "depth": null, "layer": null, "blockage": null, "tunnel": null, "natural": null, "water": null, "source": null, "name:he": null, "osm_id": 11432772253, "osm_type": "nodes" }, "geometry": { "type": "Point", "coordinates": [ 34.8441331, 32.1203059 ] } },
{ "type": "Feature", "properties": { "name": null, "name:en": null, "waterway": "waterfall", "covered": null, "width": null, "depth": null, "layer": null, "blockage": null, "tunnel": null, "natural": null, "water": null, "source": null, "name:he": null, "osm_id": 2940077182, "osm_type": "nodes" }, "geometry": { "type": "Point", "coordinates": [ 35.597152, 33.2193483 ] } },
{ "type": "Feature", "properties": { "name": null, "name:en": null, "waterway": "waterfall", "covered": null, "width": null, "depth": null, "layer": null, "blockage": null, "tunnel": null, "natural": null, "water": null, "source": null, "name:he": null, "osm_id": 11134519331, "osm_type": "nodes" }, "geometry": { "type": "Point", "coordinates": [ 35.5961847, 33.2200574 ] } },
{ "type": "Feature", "properties": { "name": null, "name:en": null, "waterway": "waterfall", "covered": null, "width": null, "depth": null, "layer": null, "blockage": null, "tunnel": null, "natural": null, "water": null, "source": null, "name:he": null, "osm_id": 5576029426, "osm_type": "nodes" }, "geometry": { "type": "Point", "coordinates": [ 34.9116147, 30.5584549 ] } },
{ "type": "Feature", "properties": { "name": null, "name:en": null, "waterway": "waterfall", "covered": null, "width": null, "depth": null, "layer": null, "blockage": null, "tunnel": null, "natural": null, "water": null, "source": null, "name:he": null, "osm_id": 11114638677, "osm_type": "nodes" }, "geometry": { "type": "Point", "coordinates": [ 34.9117144, 30.5586718 ] } },
{ "type": "Feature", "properties": { "name": "מפל נחל הגיבורים", "name:en": null, "waterway": "waterfall", "covered": null, "width": null, "depth": null, "layer": null, "blockage": null, "tunnel": null, "natural": null, "water": null, "source": null, "name:he": "מפל נחל הגיבורים", "osm_id": 10558724109, "osm_type": "nodes" }, "geometry": { "type": "Point", "coordinates": [ 35.0067003, 32.7908589 ] } },
{ "type": "Feature", "properties": { "name": "עין סאני (גן הבר)", "name:en": null, "waterway": null, "covered": null, "width": null, "depth": null, "layer": null, "blockage": null, "tunnel": null, "natural": "wetland", "water": null, "source": null, "name:he": "עין סאני (גן הבר)", "osm_id": 9059562339, "osm_type": "nodes" }, "geometry": { "type": "Point", "coordinates": [ 35.5305149, 32.6851781 ] } },
{ "type": "Feature", "properties": { "name": null, "name:en": null, "waterway": "waterfall", "covered": null, "width": null, "depth": null, "layer": null, "blockage": null, "tunnel": null, "natural": null, "water": null, "source": null, "name:he": null, "osm_id": 4007149311, "osm_type": "nodes" }, "geometry": { "type": "Point", "coordinates": [ 34.9210754, 30.3241503 ] } },
{ "type": "Feature", "properties": { "name": null, "name:en": null, "waterway": "waterfall", "covered": null, "width": null, "depth": null, "layer": null, "blockage": null, "tunnel": null, "natural": null, "water": null, "source": null, "name:he": null, "osm_id": 11091980099, "osm_type": "nodes" }, "geometry": { "type": "Point", "coordinates": [ 34.9065997, 30.3150619 ] } },
{ "type": "Feature", "properties": { "name": null, "name:en": null, "waterway": "waterfall", "covered": null, "width": null, "depth": null, "layer": null, "blockage": null, "tunnel": null, "natural": null, "water": null, "source": null, "name:he": null, "osm_id": 8588068407, "osm_type": "nodes" }, "geometry": { "type": "Point", "coordinates": [ 35.426309, 32.932927 ] } },
{ "type": "Feature", "properties": { "name": "מפל בירדינון", "name:en": null, "waterway": "waterfall", "covered": null, "width": null, "depth": null, "layer": null, "blockage": null, "tunnel": null, "natural": null, "water": null, "source": null, "name:he": "מפל בירדינון", "osm_id": 7619208743, "osm_type": "nodes" }, "geometry": { "type": "Point", "coordinates": [ 35.6569213, 33.157069 ] } },
{ "type": "Feature", "properties": { "name": "קייקי מעין-הגושרים יציאת חירום מספר 5", "name:en": "Emergency Exit Number 5", "waterway": null, "covered": null, "width": null, "depth": null, "layer": null, "blockage": null, "tunnel": null, "natural": "water", "water": "stream_pool", "source": null, "name:he": "קייקי מעין-הגושרים יציאת חירום מספר 5", "osm_id": 5760224369, "osm_type": "nodes" }, "geometry": { "type": "Point", "coordinates": [ 35.611923, 33.2080212 ] } },
{ "type": "Feature", "properties": { "name": null, "name:en": null, "waterway": null, "covered": null, "width": null, "depth": null, "layer": null, "blockage": null, "tunnel": null, "natural": "water", "water": "stream_pool", "source": null, "name:he": null, "osm_id": 8491669576, "osm_type": "nodes" }, "geometry": { "type": "Point", "coordinates": [ 35.6352049, 33.2359848 ] } },
{ "type": "Feature", "properties": { "name": "מפל נחל שפן", "name:en": null, "waterway": "waterfall", "covered": null, "width": null, "depth": null, "layer": null, "blockage": null, "tunnel": null, "natural": null, "water": null, "source": null, "name:he": "מפל נחל שפן", "osm_id": 11197856238, "osm_type": "nodes" }, "geometry": { "type": "Point", "coordinates": [ 35.2761595, 31.3454552 ] } },
{ "type": "Feature", "properties": { "name": null, "name:en": null, "waterway": "waterfall", "covered": null, "width": null, "depth": null, "layer": null, "blockage": null, "tunnel": null, "natural": null, "water": null, "source": null, "name:he": null, "osm_id": 5327622171, "osm_type": "nodes" }, "geometry": { "type": "Point", "coordinates": [ 34.7589114, 30.5083 ] } },
{ "type": "Feature", "properties": { "name": "קייקי מעין-הגושרים יציאת חירום מספר 1", "name:en": "Emergency Exit Number 1", "waterway": null, "covered": null, "width": null, "depth": null, "layer": null, "blockage": null, "tunnel": null, "natural": "water", "water": "stream", "source": null, "name:he": "קייקי מעין-הגושרים יציאת חירום מספר 1", "osm_id": 2939096892, "osm_type": "nodes" }, "geometry": { "type": "Point", "coordinates": [ 35.6115525, 33.2195754 ] } },
{ "type": "Feature", "properties": { "name": null, "name:en": null, "waterway": null, "covered": null, "width": null, "depth": null, "layer": null, "blockage": null, "tunnel": null, "natural": "water", "water": "stream", "source": null, "name:he": null, "osm_id": 6498586799, "osm_type": "nodes" }, "geometry": { "type": "Point", "coordinates": [ 35.6120816, 33.216632 ] } },
{ "type": "Feature", "properties": { "name": "בריכה בנחל ירמות", "name:en": null, "waterway": null, "covered": null, "width": null, "depth": null, "layer": null, "blockage": null, "tunnel": null, "natural": "water", "water": "pond", "source": null, "name:he": "בריכה בנחל ירמות", "osm_id": 10963115423, "osm_type": "nodes" }, "geometry": { "type": "Point", "coordinates": [ 34.9669323, 31.7284941 ] } },
{ "type": "Feature", "properties": { "name": "מפל יהודיה", "name:en": null, "waterway": "waterfall", "covered": null, "width": null, "depth": null, "layer": null, "blockage": null, "tunnel": null, "natural": null, "water": null, "source": null, "name:he": "מפל יהודיה", "osm_id": 9780676317, "osm_type": "nodes" }, "geometry": { "type": "Point", "coordinates": [ 35.7103578, 32.9447805 ] } },
{ "type": "Feature", "properties": { "name": "מפל צבירה", "name:en": null, "waterway": "waterfall", "covered": null, "width": null, "depth": null, "layer": null, "blockage": null, "tunnel": null, "natural": null, "water": null, "source": null, "name:he": "מפל צבירה", "osm_id": 11537747069, "osm_type": "nodes" }, "geometry": { "type": "Point", "coordinates": [ 35.101013, 30.5972856 ] } },
{ "type": "Feature", "properties": { "name": null, "name:en": null, "waterway": "waterfall", "covered": null, "width": null, "depth": null, "layer": null, "blockage": null, "tunnel": null, "natural": null, "water": null, "source": null, "name:he": null, "osm_id": 9464483229, "osm_type": "nodes" }, "geometry": { "type": "Point", "coordinates": [ 35.7040448, 33.2398504 ] } },
{ "type": "Feature", "properties": { "name": "יציאת חירום מספר 7", "name:en": "Emergency Exit Number 7", "waterway": null, "covered": null, "width": null, "depth": null, "layer": null, "blockage": null, "tunnel": null, "natural": "water", "water": "stream_pool", "source": null, "name:he": "יציאת חירום מספר 7", "osm_id": 7950522895, "osm_type": "nodes" }, "geometry": { "type": "Point", "coordinates": [ 35.6098387, 33.203716 ] } },
{ "type": "Feature", "properties": { "name": "מאגר מים תחתון", "name:en": null, "waterway": null, "covered": null, "width": null, "depth": null, "layer": null, "blockage": null, "tunnel": null, "natural": "water", "water": "reservoir", "source": null, "name:he": "מאגר מים תחתון", "osm_id": 10794755507, "osm_type": "nodes" }, "geometry": { "type": "Point", "coordinates": [ 35.5468589, 32.6014748 ] } },
{ "type": "Feature", "properties": { "name": "הלגונה", "name:en": "The Lagoon", "waterway": null, "covered": null, "width": null, "depth": null, "layer": null, "blockage": null, "tunnel": null, "natural": "water", "water": "stream_pool", "source": null, "name:he": "הלגונה", "osm_id": 5120276321, "osm_type": "nodes" }, "geometry": { "type": "Point", "coordinates": [ 35.6430917, 33.2408406 ] } },
{ "type": "Feature", "properties": { "name": "המפל השחור", "name:en": "The Black Waterfall", "waterway": "waterfall", "covered": null, "width": null, "depth": null, "layer": null, "blockage": null, "tunnel": null, "natural": null, "water": null, "source": null, "name:he": "המפל השחור", "osm_id": 4186171064, "osm_type": "nodes" }, "geometry": { "type": "Point", "coordinates": [ 35.7611425, 32.8304092 ] } },
{ "type": "Feature", "properties": { "name": null, "name:en": null, "waterway": "waterfall", "covered": null, "width": null, "depth": null, "layer": null, "blockage": null, "tunnel": null, "natural": null, "water": null, "source": null, "name:he": null, "osm_id": 5278543835, "osm_type": "nodes" }, "geometry": { "type": "Point", "coordinates": [ 34.8599252, 30.8611422 ] } },
{ "type": "Feature", "properties": { "name": null, "name:en": null, "waterway": "waterfall", "covered": null, "width": null, "depth": null, "layer": null, "blockage": null, "tunnel": null, "natural": null, "water": null, "source": null, "name:he": null, "osm_id": 5278543845, "osm_type": "nodes" }, "geometry": { "type": "Point", "coordinates": [ 34.8658309, 30.8617903 ] } },
{ "type": "Feature", "properties": { "name": null, "name:en": null, "waterway": "waterfall", "covered": null, "width": null, "depth": null, "layer": null, "blockage": null, "tunnel": null, "natural": null, "water": null, "source": null, "name:he": null, "osm_id": 10806998806, "osm_type": "nodes" }, "geometry": { "type": "Point", "coordinates": [ 34.8625533, 30.8583576 ] } },
{ "type": "Feature", "properties": { "name": null, "name:en": null, "waterway": "waterfall", "covered": null, "width": null, "depth": null, "layer": null, "blockage": null, "tunnel": null, "natural": null, "water": null, "source": null, "name:he": null, "osm_id": 10807028521, "osm_type": "nodes" }, "geometry": { "type": "Point", "coordinates": [ 34.822356, 30.856437 ] } },
{ "type": "Feature", "properties": { "name": "מפל פרס", "name:en": null, "waterway": "waterfall", "covered": null, "width": null, "depth": null, "layer": null, "blockage": null, "tunnel": null, "natural": null, "water": null, "source": null, "name:he": "מפל פרס", "osm_id": 8179498917, "osm_type": "nodes" }, "geometry": { "type": "Point", "coordinates": [ 35.3048305, 30.9970622 ] } },
{ "type": "Feature", "properties": { "name": null, "name:en": null, "waterway": "waterfall", "covered": null, "width": null, "depth": null, "layer": null, "blockage": null, "tunnel": null, "natural": null, "water": null, "source": null, "name:he": null, "osm_id": 10777274024, "osm_type": "nodes" }, "geometry": { "type": "Point", "coordinates": [ 34.8570755, 30.5702139 ] } },
{ "type": "Feature", "properties": { "name": null, "name:en": null, "waterway": "waterfall", "covered": null, "width": null, "depth": null, "layer": null, "blockage": null, "tunnel": null, "natural": null, "water": null, "source": null, "name:he": null, "osm_id": 1645853834, "osm_type": "nodes" }, "geometry": { "type": "Point", "coordinates": [ 35.4702358, 32.6472369 ] } },
{ "type": "Feature", "properties": { "name": null, "name:en": null, "waterway": "waterfall", "covered": null, "width": null, "depth": null, "layer": null, "blockage": null, "tunnel": null, "natural": null, "water": null, "source": null, "name:he": null, "osm_id": 11634542969, "osm_type": "nodes" }, "geometry": { "type": "Point", "coordinates": [ 34.8984059, 30.7704577 ] } },
{ "type": "Feature", "properties": { "name": null, "name:en": null, "waterway": "weir", "covered": null, "width": null, "depth": null, "layer": null, "blockage": null, "tunnel": null, "natural": null, "water": null, "source": null, "name:he": null, "osm_id": 9588713132, "osm_type": "nodes" }, "geometry": { "type": "Point", "coordinates": [ 34.8052908, 32.0941846 ] } },
{ "type": "Feature", "properties": { "name": "מפל ימין", "name:en": "Yemin Waterfall", "waterway": "waterfall", "covered": null, "width": null, "depth": null, "layer": null, "blockage": null, "tunnel": null, "natural": null, "water": null, "source": "GPS", "name:he": "מפל ימין", "osm_id": 2619083132, "osm_type": "nodes" }, "geometry": { "type": "Point", "coordinates": [ 35.0723868, 30.9369968 ] } },
{ "type": "Feature", "properties": { "name": "מפל רסיסים", "name:en": "Resisim Waterfall", "waterway": "waterfall", "covered": null, "width": null, "depth": null, "layer": null, "blockage": null, "tunnel": null, "natural": null, "water": null, "source": null, "name:he": "מפל רסיסים", "osm_id": 731095523, "osm_type": "nodes" }, "geometry": { "type": "Point", "coordinates": [ 35.7390193, 33.226808 ] } },
{ "type": "Feature", "properties": { "name": null, "name:en": null, "waterway": "waterfall", "covered": null, "width": null, "depth": null, "layer": null, "blockage": null, "tunnel": null, "natural": null, "water": null, "source": null, "name:he": null, "osm_id": 5552982876, "osm_type": "nodes" }, "geometry": { "type": "Point", "coordinates": [ 35.0509673, 30.9340631 ] } },
{ "type": "Feature", "properties": { "name": "מפל כמוס", "name:en": "Kamus Waterfall", "waterway": "waterfall", "covered": null, "width": null, "depth": null, "layer": null, "blockage": null, "tunnel": null, "natural": null, "water": null, "source": null, "name:he": "מפל כמוס", "osm_id": 12539819212, "osm_type": "nodes" }, "geometry": { "type": "Point", "coordinates": [ 35.0624859, 30.9357811 ] } },
{ "type": "Feature", "properties": { "name": null, "name:en": null, "waterway": "waterfall", "covered": null, "width": null, "depth": null, "layer": null, "blockage": null, "tunnel": null, "natural": null, "water": null, "source": null, "name:he": null, "osm_id": 4935460999, "osm_type": "nodes" }, "geometry": { "type": "Point", "coordinates": [ 34.8232238, 32.0504313 ] } },
{ "type": "Feature", "properties": { "name": null, "name:en": null, "waterway": "waterfall", "covered": null, "width": null, "depth": null, "layer": null, "blockage": null, "tunnel": null, "natural": null, "water": null, "source": null, "name:he": null, "osm_id": 10296954810, "osm_type": "nodes" }, "geometry": { "type": "Point", "coordinates": [ 35.3298835, 31.1841198 ] } },
{ "type": "Feature", "properties": { "name": null, "name:en": null, "waterway": "waterfall", "covered": null, "width": null, "depth": null, "layer": null, "blockage": null, "tunnel": null, "natural": null, "water": null, "source": null, "name:he": null, "osm_id": 12491991001, "osm_type": "nodes" }, "geometry": { "type": "Point", "coordinates": [ 35.0852112, 31.0857571 ] } },
{ "type": "Feature", "properties": { "name": null, "name:en": null, "waterway": "waterfall", "covered": null, "width": null, "depth": null, "layer": null, "blockage": null, "tunnel": null, "natural": null, "water": null, "source": null, "name:he": null, "osm_id": 12757694471, "osm_type": "nodes" }, "geometry": { "type": "Point", "coordinates": [ 34.9073705, 30.3145789 ] } },
{ "type": "Feature", "properties": { "name": null, "name:en": null, "waterway": null, "covered": null, "width": null, "depth": null, "layer": null, "blockage": null, "tunnel": null, "natural": "water", "water": "pond", "source": null, "name:he": null, "osm_id": 11228147143, "osm_type": "nodes" }, "geometry": { "type": "Point", "coordinates": [ 34.6204602, 31.7774577 ] } },
{ "type": "Feature", "properties": { "name": null, "name:en": null, "waterway": "waterfall", "covered": null, "width": null, "depth": null, "layer": null, "blockage": null, "tunnel": null, "natural": null, "water": null, "source": null, "name:he": null, "osm_id": 3517133408, "osm_type": "nodes" }, "geometry": { "type": "Point", "coordinates": [ 35.0465018, 30.0117687 ] } },
{ "type": "Feature", "properties": { "name": "מפל קטורה", "name:en": "Ktura waterfall", "waterway": "waterfall", "covered": null, "width": null, "depth": null, "layer": null, "blockage": null, "tunnel": null, "natural": null, "water": null, "source": "GPS", "name:he": "מפל קטורה", "osm_id": 4344244963, "osm_type": "nodes" }, "geometry": { "type": "Point", "coordinates": [ 35.0630353, 30.0361928 ] } },
{ "type": "Feature", "properties": { "name": null, "name:en": null, "waterway": "waterfall", "covered": null, "width": null, "depth": null, "layer": null, "blockage": null, "tunnel": null, "natural": null, "water": null, "source": null, "name:he": null, "osm_id": 11196303713, "osm_type": "nodes" }, "geometry": { "type": "Point", "coordinates": [ 35.0637035, 30.0361014 ] } },
{ "type": "Feature", "properties": { "name": null, "name:en": null, "waterway": "waterfall", "covered": null, "width": null, "depth": null, "layer": null, "blockage": null, "tunnel": null, "natural": null, "water": null, "source": null, "name:he": null, "osm_id": 9381845335, "osm_type": "nodes" }, "geometry": { "type": "Point", "coordinates": [ 34.8697591, 29.6912817 ] } },
{ "type": "Feature", "properties": { "name": null, "name:en": null, "waterway": "waterfall", "covered": null, "width": null, "depth": null, "layer": null, "blockage": null, "tunnel": null, "natural": null, "water": null, "source": null, "name:he": null, "osm_id": 1921556539, "osm_type": "nodes" }, "geometry": { "type": "Point", "coordinates": [ 35.2766574, 31.0152936 ] } },
{ "type": "Feature", "properties": { "name": "מפל דבשון", "name:en": "Divshon Waterfall", "waterway": "waterfall", "covered": null, "width": null, "depth": null, "layer": null, "blockage": null, "tunnel": null, "natural": null, "water": null, "source": null, "name:he": "מפל דבשון", "osm_id": 5275051485, "osm_type": "nodes" }, "geometry": { "type": "Point", "coordinates": [ 34.79118, 30.8324482 ] } },
{ "type": "Feature", "properties": { "name": null, "name:en": null, "waterway": "waterfall", "covered": null, "width": null, "depth": null, "layer": null, "blockage": null, "tunnel": null, "natural": null, "water": null, "source": null, "name:he": null, "osm_id": 12465136117, "osm_type": "nodes" }, "geometry": { "type": "Point", "coordinates": [ 35.3962895, 31.4842956 ] } },
{ "type": "Feature", "properties": { "name": null, "name:en": null, "waterway": "waterfall", "covered": null, "width": null, "depth": null, "layer": null, "blockage": null, "tunnel": null, "natural": null, "water": null, "source": null, "name:he": null, "osm_id": 12467404334, "osm_type": "nodes" }, "geometry": { "type": "Point", "coordinates": [ 34.7856935, 30.8327013 ] } },
{ "type": "Feature", "properties": { "name": null, "name:en": null, "waterway": "waterfall", "covered": null, "width": null, "depth": null, "layer": null, "blockage": null, "tunnel": null, "natural": null, "water": null, "source": null, "name:he": null, "osm_id": 252195935, "osm_type": "nodes" }, "geometry": { "type": "Point", "coordinates": [ 35.3966184, 31.4841052 ] } },
{ "type": "Feature", "properties": { "name": null, "name:en": null, "waterway": "waterfall", "covered": null, "width": null, "depth": null, "layer": null, "blockage": null, "tunnel": null, "natural": null, "water": null, "source": null, "name:he": null, "osm_id": 293460868, "osm_type": "nodes" }, "geometry": { "type": "Point", "coordinates": [ 35.3969301, 31.4664131 ] } },
{ "type": "Feature", "properties": { "name": "עין צפית", "name:en": "Ein Tsafit", "waterway": "weir", "covered": null, "width": null, "depth": null, "layer": null, "blockage": null, "tunnel": null, "natural": "spring", "water": null, "source": null, "name:he": "עין צפית", "osm_id": 1668746147, "osm_type": "nodes" }, "geometry": { "type": "Point", "coordinates": [ 35.2253075, 31.0170689 ] } },
{ "type": "Feature", "properties": { "name": null, "name:en": null, "waterway": "waterfall", "covered": null, "width": null, "depth": null, "layer": null, "blockage": null, "tunnel": null, "natural": null, "water": null, "source": null, "name:he": null, "osm_id": 1026425961, "osm_type": "nodes" }, "geometry": { "type": "Point", "coordinates": [ 34.7527353, 31.8700759 ] } },
{ "type": "Feature", "properties": { "name": "מפל יעלים", "name:en": "Yeelim Waterfall", "waterway": "waterfall", "covered": null, "width": null, "depth": null, "layer": null, "blockage": null, "tunnel": null, "natural": null, "water": null, "source": null, "name:he": "מפל יעלים", "osm_id": 1502003524, "osm_type": "nodes" }, "geometry": { "type": "Point", "coordinates": [ 35.3421137, 31.2383287 ] } },
{ "type": "Feature", "properties": { "name": "סכר הירמוך", "name:en": "Yarmouk", "waterway": "dam", "covered": null, "width": null, "depth": null, "layer": null, "blockage": null, "tunnel": null, "natural": null, "water": null, "source": null, "name:he": "סכר הירמוך", "osm_id": 6394625097, "osm_type": "nodes" }, "geometry": { "type": "Point", "coordinates": [ 35.5729463, 32.6436748 ] } },
{ "type": "Feature", "properties": { "name": "מפל נחל השופט", "name:en": "Nahal HaShofet", "waterway": "waterfall", "covered": null, "width": null, "depth": null, "layer": null, "blockage": null, "tunnel": null, "natural": null, "water": null, "source": null, "name:he": "מפל נחל השופט", "osm_id": 12024631856, "osm_type": "nodes" }, "geometry": { "type": "Point", "coordinates": [ 35.1125148, 32.6371345 ] } },
{ "type": "Feature", "properties": { "name": "מפל גולחן", "name:en": "Golchan Fall", "waterway": "waterfall", "covered": null, "width": null, "depth": null, "layer": null, "blockage": null, "tunnel": null, "natural": null, "water": null, "source": null, "name:he": "מפל גולחן", "osm_id": 4620797396, "osm_type": "nodes" }, "geometry": { "type": "Point", "coordinates": [ 35.0635796, 30.9144325 ] } },
{ "type": "Feature", "properties": { "name": null, "name:en": null, "waterway": "water_point", "covered": null, "width": null, "depth": null, "layer": null, "blockage": null, "tunnel": null, "natural": null, "water": null, "source": null, "name:he": null, "osm_id": 10148939154, "osm_type": "nodes" }, "geometry": { "type": "Point", "coordinates": [ 34.9196716, 32.6205791 ] } },
{ "type": "Feature", "properties": { "name": "סכר ירדינון", "name:en": null, "waterway": null, "covered": null, "width": null, "depth": null, "layer": null, "blockage": null, "tunnel": null, "natural": "water", "water": "pond", "source": null, "name:he": "סכר ירדינון", "osm_id": 7834675285, "osm_type": "nodes" }, "geometry": { "type": "Point", "coordinates": [ 35.6677174, 33.1546862 ] } },
{ "type": "Feature", "properties": { "name": "בריכת בתרא", "name:en": null, "waterway": "waterfall", "covered": null, "width": null, "depth": null, "layer": null, "blockage": null, "tunnel": null, "natural": null, "water": null, "source": null, "name:he": "בריכת בתרא", "osm_id": 8775750317, "osm_type": "nodes" }, "geometry": { "type": "Point", "coordinates": [ 35.7018668, 32.9144269 ] } },
{ "type": "Feature", "properties": { "name": "בריכת גדור", "name:en": "Brekhat Gedor", "waterway": null, "covered": null, "width": null, "depth": null, "layer": null, "blockage": null, "tunnel": null, "natural": "water", "water": "lake", "source": "GEOnet Names Server (gns)", "name:he": "בריכת גדור", "osm_id": 278477092, "osm_type": "nodes" }, "geometry": { "type": "Point", "coordinates": [ 34.8819275, 32.4255296 ] } },
{ "type": "Feature", "properties": { "name": null, "name:en": null, "waterway": "weir", "covered": null, "width": null, "depth": null, "layer": null, "blockage": null, "tunnel": null, "natural": null, "water": null, "source": null, "name:he": null, "osm_id": 12356873094, "osm_type": "nodes" }, "geometry": { "type": "Point", "coordinates": [ 34.9234277, 32.5872008 ] } },
{ "type": "Feature", "properties": { "name": null, "name:en": null, "waterway": "waterfall", "covered": null, "width": null, "depth": null, "layer": null, "blockage": null, "tunnel": null, "natural": null, "water": null, "source": null, "name:he": null, "osm_id": 1367542777, "osm_type": "nodes" }, "geometry": { "type": "Point", "coordinates": [ 34.8008575, 31.2331084 ] } },
{ "type": "Feature", "properties": { "name": null, "name:en": null, "waterway": "waterfall", "covered": null, "width": null, "depth": null, "layer": null, "blockage": null, "tunnel": null, "natural": null, "water": null, "source": null, "name:he": null, "osm_id": 1394799838, "osm_type": "nodes" }, "geometry": { "type": "Point", "coordinates": [ 34.803029, 31.2343146 ] } },
{ "type": "Feature", "properties": { "name": "ביצת חיספין", "name:en": null, "waterway": null, "covered": null, "width": null, "depth": null, "layer": null, "blockage": null, "tunnel": null, "natural": "wetland", "water": "pond", "source": null, "name:he": "ביצת חיספין", "osm_id": 5737081421, "osm_type": "nodes" }, "geometry": { "type": "Point", "coordinates": [ 35.7874918, 32.8462972 ] } },
{ "type": "Feature", "properties": { "name": null, "name:en": null, "waterway": "waterfall", "covered": null, "width": null, "depth": null, "layer": null, "blockage": null, "tunnel": null, "natural": null, "water": null, "source": null, "name:he": null, "osm_id": 4892500308, "osm_type": "nodes" }, "geometry": { "type": "Point", "coordinates": [ 35.2842323, 30.8245808 ] } }
]
}
